Syllable/Combination,汉字
jeu1A|55,㐀㗀㘳㚱𠇲𩂯鸺麀鮴鵂髤髹鄾銝邱貅蚯蚴蓲茠耰脙纋瀀烋烌㤑㥑㱊㱗㳋㳜㴗㵻㹯㾋䏫䝗䥳䮌䰍䱂丘休优優凪呦咻嚘坵幽庥忧怮恘恷憂懮櫌泑
jeu1B|21,㐕㒡㕱㘥㚭㛜𦅚𢰧𨔁𨔼𡛺𣓥𣏞𦬓𨩊𣸯𨠫𨠄魷鮋鯈鰇鱿鲉鶔騥鞣铀郵酋醔鈾鍒輏輮輶逌逰遊邎邮蹂訧蚰蝚蝣蝤葇蕕莜莸聈肬脜繇禸秞瑈瓇由疣犹猶猷滺㫍㳊㳺㻥㽕㽥㾞䌊䌛䍃䐓䑻䗅䚃䢊䢟䧷䰆偤冘厹囮媃尢尤峳庮怞怣悠揉攸斿柔柚楢櫾沋油浟渘游
jeu3B|22,㐛𧙗鼬駀酭釉迶貁褎褏祐牰狖㳓㹨㺠䀁䆜䞥亴佑佦侑又右囿姷宥峟有柚櫾
jeu3A|33,㓜蚴螑袎糿珛䟬䠗孧幼
jeu2B|13,㔽㕗㕛𥤃𩵼𦮖𣜃韖铕酉銪诱誘蜏苃莠羐羑禉牖牗湵㮋䂋䅎䒴䛻䣭䬀䳑丣卣友唀庮有栯梄槱
jeu2A|35,黝魷鱿铀釉鈾蚴粈糅糗由煣㰶㱙㶭友右懮朽柚楺櫾油泑
deu3B|22,㐙㛒𢭃餖饾郖鋀逗读豆讀荳脰窦竇痘瀆㢄䄈䇺䕆哣梪毭浢渎
deu2A|35,㖍𨺗𣁾阧陡钭鈄豆赳蚪荳糺糾纠窦竇痘㞳㪲㪳㪷㺶䢏乧抖斗枓
deu1A|55,𤾆郖蔸篼㨮㿡兜兠吺唗橷
deu3A|33,𢭃鬥鬦鬪鬬鬭閗闘窦竇䛠䬦斗斣
deu1B|21,豆
ceu1A|55,㑇㑳𤧐𩄍鹙龝鰌鰍鳅鶖鬏鞦鞧趥蝵蟗蠤萩蘒紬緧秋秌穐篍篘瘳犨犫湫㤘㥮㨨㩅㮲䀺䆋䋺䌷䐐䠓䨂䲡偢妯媝抽搊楸
ceu3A|33,㗜𩡗齅輳辏遚蔟腠臭臰糗溴䔏凑嗅奏族楱殠湊
ceu1B|21,㘜𠑥𤴆𤅕魗鮂鰽雔雠酋酧酬醻躊逎遒踌詶讎讐蝤裯菗薵苬绸籌紬絒綢稠筹皗畴疇煪燽犨犫湭㤽㥢㦞㷕㿧䌧䌷䎿䓓䯾䲖仇俦儔唒嚋囚嬦崷帱幬怞惆懤栦椆汓泅渞
ceu2A|35,魗醜绸籌綢筹瞅矁䏚䪮丑侴偢吜杻杽橻
zeu3A|33,㑇㑳㔿诌詋詶謅腠绉縐祝皱皺甃㤘㥮㩆㼙㾭䅢䊘䋓䎻僽呪咒咮啄喙噣奏揍昼晝
zeu3B|22,㔌鷲鹫鮦鲖駎驟骤酎袖褎褏葤荮胄籀籒籕粙紂繇纣㠇㵵䈙䛆䜬䠫䩜䶇伷僦僽冑宙就岫怞殧
zeu1A|55,㖄鸼黀齱齺鯫鲰鵃駲騆騶驺鬏陬霌郮郰鄒鄹銂輈輖辀週邹诌诪诹賙赒諏謅譸蝤菆舟緅箃盩矪珘湫湬炿烐㨄㭧㻓䆶䎇䑼䓟䧓侜倜周啁啾喌噍婤州徟掫揂揪揫棷棸洀洲淍
zeu2A|35,鯐鯞酒走赱菷肘箒睭疛㞫㫶㷌䖞䲤帚晭
geu2A|35,㐇韭韮镹豿赳舏芶苟耇耈耉粂糺糾紤纠究笱狗玖玽㶢㺃㺵丩久乆九乣奺岣杦枸氿
geu3A|33,㗕𤨣鷇雊遘诟購购覯觏訽詬究疚煹灸㝅㝌㝤㡱㨌㲃䃓䆒䝭䬨冓匓匶厩咎坸垢够夠姤媾廄廏廐彀慦捄搆撀救构柩構
geu1A|55,𨳊𤄄鸠龜龟鬮鳩阄鞲韝軥袧缑簼緱篝溝㞗䦰䧱䰗䲥䲫佝冓勼勾句摎朻樛沟泃
geu3B|22,鯦舊肍㺩倃匛匶嚿旧柩柾
seu1B|21,㐜㖌雠讎讐㵞仇愁
seu2A|35,㐿𩠐首鎪锼謏螋蒐薮藪艏艘籔綇瞍狩獀滫㝊㟬䉤䏂䢘䭭傁叜叟嗾垨守手扌搜擞擻棷櫢
seu3B|22,㖟绶綬璹㥅䛵受售壽夀寿授涭
seu1A|55,㖬𤨩𣘀𤪱鱃颼颾飕餿饈馊馐騪鞘鎪鏅锼鄋醙鎀螋蒐蓃臹艘羞脩糔獀溲滫潃㧃㮴㲙㲣㹋䈭䐰䐹䑹䗏䗛䡭䤇䤹䩳䬒䮟䱸俢修凁収嗖廀廋捜搜摉收樇
seu3A|33,㛢𣵛鏉鏥鏽锈銹螋膄绣綉繍繡秀琇璓痩瘦瘶狩獣獸滫漱潄㝛兽嗽守宿擞擻
teu1B|21,㓱骰頭酘緰牏㢏䕱䵉亠头投
teu3A|33,㕻㖣透㰯䞬䟝咅斢
teu2A|35,黈飳頭蘣紏㪗㳆㼥䚵䱏唞头妵敨
teu1A|55,鋀鍮偷偸婾媮愉
meu1B|21,㖼㛌麰鴾髳鞪鉾鍪谋謀蛑缪繆眸牟䋷䏬䗋䥐䱕侔劺哞恈毪洠
meu2B|13,𠺖𦳑畂畆畒畝畞畮牡牳䍒亩厶昴某
meu3B|22,𣕚𢡟鄮谬貿贸謬袤茂缪繆瞀㮊䀤䓮愗懋暓柕楙
meu1A|55,踎痞哞
neu1B|21,㖻羺㝹䨲
neu2A|35,㚼靵钮鈕纽紐狃㱙妞忸扭朽杻
neu2B|13,㜌莥炄㳶㺲䏔啂
neu3B|22,𧂭鎒鐞譳腬腻膩耨糅獳䅶䋴槈檽
neu1A|55,嬲
leu1B|21,㐬㖻𩗩𥜆𨻧鹠麍鰡鶹飀飂飅飗餾馏駠駵騮驑骝髅髏鞻鎏鎦鏐鐂镏镠蹓軁遛遱謱蝼螻蟉裗蒌蒥蓅蔞藰膢艛羺耧耬窭窶瞜硫磂琉瑠瑬璢畄留畱疁瘤癅熘熡溇溜漊漻瀏㝹㡞㥪㳅㺏㽞䁖䅹䉧䖻䗜䚧䝀䝏䣚䨲䫫䬟䮫䰘䱖䱾䶉偻僂刘剅劉喽嘍嚠塿娄婁媹寠嵧廔慺懰搂摎摟斿旈旒楼榴樓橊流浏
leu3B|22,㔷㙀㙧𧂭鹨𢄪鬸鷚飂餾馏陋雡霤露鎒鎦鏤鐂鐞镂镏蹓遛譳腬腻膩翏耨糅瘘瘺瘻熘獳溜漏澑㶯㽌䄂䅶䋴塯屚廇槈檽
leu2A|35,㚼靵钮鈕纽缕紐縷瘤狃漏㱙刘劉妞忸扭搂摟朽杻楼榴樓流
leu2B|13,㜌锍鋶褛褸蒌蔞莥绺缕罶羀簍綹縷篓甊熮珋炄㟺㧕㪹㳶㺲䏔啂塿嬼嵝嶁搂摟柳栁桞桺橮
leu1A|55,騮骝褛褸蒌蔞瞜留溜㺏䁖䝏喽嘍嬲搂摟
heu2A|35,㔚㖃𤘘㠬候劶口后吽喉後搝
heu1B|21,㗋𡘓𤠣鯸餱骺銗鍭葔翭翵糇篌睺矦瘊猴㢿㤧㬋㮢㺅䂉䗔䙈䫛侯喉垢帿
heu1A|55,齁芤睺䳧候吼吽呴
heu3B|22,鮜鱟鲎鲘鄇銗逅郈茩缿矦㸸㻈䞀䞧侯候后垕堠後洉
heu3A|33,犼吼吽呴
heu2B|13,㫗㴟㷞厚垕
keu3A|33,㓂𦸅鷇铐釦銬豞購购蔲蔻臼舅窛筘簆瞉滱㺉䍍䓻䪷䳹佝冓冦叩媾宼寇怐扣搆敂构桕構
keu1B|21,㕤㛏𥟇𨫣鼽鯄頄頯釚銶逑賕赇觓觩訄訅蛷裘虬虯艽芁莍紌絿皳盚球璆犰玌㞗㟈㤹㧨㭝㺫䊵䜪䟵䣇䤛仇俅厹叴巯巰扏捄朹梂殏毬求浗
keu1A|55,𦬅鸠龜龟鳩鞲袧褠芤篝眍瞘牞溝㡚㳰㸨㽛䁱䑦䡂䬲冓剾彄抠摳沟
keu2B|13,麔齨臼舅䊆䛮䳎桕欍
keu2A|35,舅扣
feu1B|21,㐢𦹃𦷰鴀鉜蜉裒艀芣罘罦紑琈烰㟊䍖䨗䳕哹桴浮涪
feu3B|22,𨸏阜蛗㰴㷆䘀埠复峊復
feu2A|35,𧶏𠳝鴀雬缶缹缻炰不剖否埠妚殕
ngeu2B|13,㒖蕅藕腢耦㼴偶吘
ngeu1A|55,𠥹𡂿鸥鴎鷗鏂钩鈎鉤軪謳讴蚼藲膒瓯甌熰漚䉩䉱䌔䙔䥲䫜䳼勾区區句呕嘔怄慪柪梎櫙欧歐殴毆沤
ngeu2A|35,𠙶藕牛呕嘔塸欧歐殴毆
ngeu1B|21,牛䋅䒜吽呍汼
ngeu3A|33,漚呕嘔岰怄慪握沤
ngeu3B|22,吽
peu1B|21,裒箁㧵䯽垺抔抙捊掊
peu2A|35,瓿䍌䳝剖培掊
peu1A|55,娝
peu3A|33,婄泡
beu3B|22,餢犃䏽䬏䴺勏
beu2A|35,㨐
dou3B|22,㐁㘏𨧀靯镀鍍蹈軇辺道衜衟艔芏荰翿纛秺稲稻盗盜瓙燾焘䆃䊭䌦䟻䲧噵导導帱幬度悼杜檤毒渡
dou3A|33,㓃𩂰道螙蠧蠹衜菿箌䑒倒到妒妬捯斁椡殬
dou2A|35,𡷊陦隝隯道賭赌覩艔祷禂禱睹琽㠀㨶㿒䀾䮻倒到堵壔岛島嶋嶌嶹帾度捣搗擣槝渡
dou1A|55,魛鱽鳭阇闍都醏釖裯舠䩲刀刂叨嘟忉朷氘
cou1B|21,㜖𥕢鏪螬褿蓸艚漕㯥䄚䏆䐬䢐䣯且傮嘈嶆徂晠曹曺槽殂
cou2B|13,𢵄造
cou1A|55,麁麄麤觕粗䎭撡操
cou2A|35,騲艸草娶愺慅懆
cou3A|33,髞错鄵酢醋錯躁造趮襙譟糙矂瘄煰燥澡䆆䥄厝喿噪慥措撡操氉
zou3B|22,𡠻𨘥阼造葄艁胙簉祚皁皂䒃䔘做唕唣慥梍
zou2A|35,駔驵靻鎺造蚤薻藻组缲組繰祖璪珇澡䔃䖕䖣䗢䲃早枣栆棗
zou1A|55,醩蹧遭蒩糟租㡟㯾㷮䜊傮
zou3A|33,竈皁皂灶
gou1A|55,㗝𧀎𦤑𦤎鷱鼛鷎餻高髙韟膏臯羔羙籇糕篙睾皋皐滜㟸㤒㰏䆁䓘䔌䚌䣗咎槔槹橰櫜
gou2A|35,㙱㚏㚖鎬镐菒藁藳缟縞稁稾稿㵆㾸夰暠杲槀槁檺
gou3A|33,锆郜鋯诰誥膏筶䯻吿告
sou3A|33,㕖遡诉訴螦膆臊素縤矂瘙溯溸漱潄㨞㲧㴑㿋䛾傃嗉埽塐塑嫊愫愬扫掃数數榡氉泝
sou2A|35,㛐㛮籔䈹䉤䕅埽嫂扫掃数數
sou1A|55,鬚鯂鰠鱢鳋须騒騷骚酥蘇蘓臊苏缫缲繅繰稣穌甦溞㢝㥰㮻䰅䰑囌慅掻搔櫯
tou2A|35,㐋𩵚钍釷討讨萄肚祷禱䚯䵚吐土圡套徒桃汢
tou3A|33,㚐鵵菟莵兎兔吐堍套
tou1B|21,𢲛鷵鼗𣑯鵌鷋饀馟駣駼騊陶鞀鞉酴醄鋾迯逃途跳跿裪菟萄蒤荼绹翿綯祹稌瘏燾潳濤焘㭸㻌䄻䅷䖘䛌䛬䣄䣝䤅䩣䬞䳜凃匋咷啕啚図图圖圗塗屠峹嵞帱幬庩廜徒悇捈掏搯桃梌梼檮洮涂涛淘
tou1A|55,𣈥弢飸饕鞱韜韬蹈轁詜謟蜪绦絛縚縧瑫滔㞵㢭㣠㫞㫦㴞㹗㻬㻯䀞䈱䑬䞮䤾䬢䬭仐叨唋夲嫍嶀幍弢忉慆挑掏搯槄
tou2B|13,肚
mou2B|13,㑄㒇𧿹𤪕鹉𠕇鵡鉧錻躌踇袰膴舞胟砪碔珷甒潕㟂㵲㶃䍢䒉䟼䥈䳇侮倵儛冇呒嘸妩姆姥娒娬嫵峔庑廡怃憮拇武母
mou3B|22,㒻𡝭龯鹜𦻒鶩騖骛雺雾霚霧覒蝐萺蓩芼莫耄縸眊瑁熃㝟㡌㡔㧇㪞㫯㴘㺺㿞䋃䨁䳱冃冐冒务務募墓奦婺媢嵍帽慔慕戊敄旄暮楘毷
mou1B|21,𠇔𤆬鹀魹鵐鷡髦酕軞诬谟誈誣謨謩譕蟱蕪膜芜芼莁糢瞴璑無牦犛㣳㧌㮘㲠㷻㹈䉑䥻䭷䱯亡亾兦堥墲妩娬嫫嫵巫庑廡摸摹旄无枆模橅橆毋毛毪氁氂
mou1A|55,髦蟆蟇毛
mou2A|35,㡌帽模母
nou1B|21,㐐㚢𨥬駑驽笯砮獶獿㞪䛝夒奴孥帑憹
nou2B|13,㑎㛴脳腦胬脑砮碯瑙㺁䜀䜧伮努匘垴堖嫐弩恼悩惱憹
nou3B|22,怒
lou1B|21,㐐㗦㚢𦛨𨥬𤩂𤏪𠫂鸕鸬魲鱸鲈顱颅馿駑驢驴驽髗髝鐒鑪铹醪鈩轑轤轳謱蟧蠦蘆臚舮舻艫芦罏耢耮胪簩籚纑窂笯盧矑砮磱瓐痨癆爐牢獶獹獿玈澇瀘炉㞪㟉㟹㢳㨓㪭㭔㿖㿵䃕䛝䜎䝁䡎䰕䲏僗劳労勞卢哰唠嘮嚧垆壚夒奴孥崂嶗帑庐廬憥憹捞撈攎曥朥枦栌櫨泸浶涝
lou2B|13,㐗㑎㔪㖈㛴𦚱𠐔鹵魯鮱鲁鏀鐪鑥铑镥銠轑蛯蓾虏虜脳腦艣艪荖老耂胬脑粩砮硓硵碯磠珯瑙狫獠滷潦澛瀂㢚㧯㯭㲶㳣㺁䇭䎛䕩䜀䜧䝤䲐䳓伮佬僚努匘卤咾垴堖塷姥嫐弩恅恼悩惱憹掳撸擄擼栳樐橑橹櫓氇氌
lou3B|22,𤫢𡀔鷺鹭𤅟鴼露鏴酪躼軂輅辂賂赂路蕗虂耢耮簬簵璐牢潞潦澇㯝䵏劳勞嫪怒憦橯涝
lou1A|55,黸噜嚕捞撈
lou2A|35,路蟧蘆芦盧爐潞炉佬劳勞卢
hou3A|33,㘪㚪鯌藃耗秏犒䐧䚽好
hou1B|21,𩖸𨮙𤐶𧐢𣻼豪蚝蠔號獆獋獔濠㠙㩝㬔䜂䝥䧫儫勂号呺嗥嘷噑嚎壕椃毜毫
hou2A|35,𣫮𡥘號㝀号好恏毫
hou3B|22,𣊊𦶡鰝顥颢鎬镐鄗薃號聕皜皞皡皥皓滈澔瀥灏灝㞻㬶䧚䪽䫧䯩䯫傐号哠悎昊昦晧暠暤暭曍浩淏
hou1A|55,髇髛蒿薅薧茠䒵䜰䯌嚆
ngou3B|22,㜜𨫼鏊遨謷謸澆㟼㠂㥿傲奡嫯慠敖浇
ngou3A|33,㜩隖隩鐭襖袄芺澳㠗㤇䐿䜒䴈噢圫坞塢墺奥奧岙嶴懊扷
ngou1B|21,𢳆𣊁鼇鰲鳌鷔驁骜隞鏊鏖遨謷螯蔜翱翶翺聱磝璈熬爊獒獓滶㾲䥝䦋䮯厫嗷嗸嶅廒摮敖
ngou1A|55,𨭤鏖㩠䥝擙
ngou2A|35,镺襖袄燠䯠䴈䴠奥奧媪媼
pou3A|33,㚴铺鋪舖舗甫堡
pou1B|21,𥮉酺軳袌袍菩葡蒱蒲苻莆脯䈬䈻䔕匍浦
pou2A|35,𦡮𣿀鐠铺镨谱諩譜袍舖脯甫溥烳圃圑埔普暜氆浦
pou1A|55,鯆陠铺鋪舖甫痡潽㯱㲏䫽䮒䲕
pou2B|13,袌抱泡
bou1A|55,㕊餔钸闁鈽逋誧裦褒襃蕔煲㷛䊇峬庯晡
bou3A|33,㘵餔㳍佈儤咘埔報布忁怖悑报柨
bou2A|35,㙅㙛𨰰𡝬𧅤𨩚𦹂𡤧𤣰𨰻𨰦𤦸鸨鳵鴇鵏駂靌賲补補褓葆藵簿緥珤㻄䀯䋠䎂䪔䳈䳰䴐保圃埗堡堢媬孬宝宲寚寳寶暴
bou3B|22,𣭚鞴部郶菢蔀虣荹簿篰瀑㫧㬥㬧㲒㻉㾟䑰䒀䝵䤖勽哺埗埠廍抱捕捗暴曓步歨歩
jet4B|2,馹驲鎰镒釰釼鈤軼轶迭逸賹衵肸肹溢㳑䒤䫻䭿佚佾劮呹囸失忔日昳泆
jet4Aa|5,辷一壱壹夁嬄弌
det4Aa|5,𠱂腯
det4B|2,鼵鶟鈯鍎蟘葖腯突犆㟮㷝㻠䃐凸吐堗宊怢揬
cet4Aa|5,㐂㓒㓼㔑腟漆㭍㯃㲺䜉七柒桼
cet4B|2,𨳍
zet4B|2,㑑㑵𡜍铚銍郅蛭蛰螏螲蟄蒺膣祑窒礩甴疾潌㜼䟈䱃侄厔妷姪嫉庢愱挃桎槉洷
zet4Aa|5,㗌㗧㘍㜱𨑨騭骘隲鑕锧貭質质秷礩瓆㩫䑇䜠䬹儨劕揤晊櫍
get4Aa|5,㓤鴶銡郅郆诘趌訖詰讫裓虼肐胳紇纥疙狤㰟䓀䞘䰴仡佶吃吉咭喫姞屹桔榾
get4B|2,㔕趌趷跀㡮䞘曱
get4Ab|3,圪
set4Aa|5,鯴鰘鲺飋蝨虱膝瑟璱濏㣰㻎㻭䣛厀失室榁
set4B|2,湜㺙实実寔實
met4B|2,𡛁𠖳鴓韈韤谧襪謐蜜蟔袜蔤藌芴粅物滵㫘㳴㴵㵥㸓䌏䍪䛑䤉䥼伆勿嘧宓宻密岉峚帓昒曶榓樒櫁沕淧
met4Aa|5,乜
net4B|2,訥讷肭吶呐
let4B|2,訥讷肭吶呐
let4Aa|5,甩
het4B|2,㔠麧黠齕龁鶷阂鎋閡轄辖趘覈覡觋葜薂舝翮籺紇縖纥瞎礉㮝䃒䃝䚫䡷䶤劾勓核椺楬槅檄
het4Aa|5,釳迄芞犵㣟䇄䎢䏌䒗䛥䬣乞吃喫忔恄欯
ket4Aa|5,咭咳欬
fet4B|2,㕹㘺𡌅鮄阀閥鉘藅茷罚罰罸笩筏瞂甶疺炥㪄䇅䞞䣹乏仏伐佛傠刜咈坲垡姂岪怫栰梻橃浌
fet4Aa|5,㗵𦡆𤤖黻𤦏𧩓魆鮄髴韍韨锪鍃袚艴芴芾茀绂绋翇紱紼綍祓窟笏笰矻砩狒烼㦌㧮㧾㩿㪂㫚㵠㺀㺻㾁䂗䓤䘠䝆䨚䩐䬍䭮䯇䴯乀佛冹刜匢匫唿囫堀寣崫巿帗弗彿忽惚拂搰昒曶柫欻歘氟淴
nget4B|2,㐳㐹㙞鼿齀阢迄訖讫耴矹矻疙㽾䑢䖌䢀䦍䪲仡兀卼圪屹屼忔扢扤杌汔
nget4Aa|5,扤
pet4Aa|5,𢳂鹎鴄鵯苉疋㺼䏘匹
wet4B|2,鷸鹘鹬鱊鴥鴧鴪鶐鶻驈霱遹蒁聿絗繘矞燏獝潏㧒㨡䁌䁫䮇扤抇搰核
wet4Aa|5,黦鬰鬱魆郁诎詘誳菀蔚腽膃罻瞃煀熓熨爩灪㠨㳚䎉䓛䖇䖦䢕䵥嗢尉屈怴榅榲欎欝
bet4Aa|5,㓖𢳂𤒹魓鷝饆鞸韠鏎钚鈈蹕跸襅袐蓽荜罼縪笔筆筚篳畢熚珌滭㪤㮿㳼㻫㻶䟆䬛不吥哔嗶彃毕
bet4B|2,㚕𢏺鼥魃鮁鮊鲃鲅鲌鴓颰馛馝駜钹鈸軷邲跋詙菝苾茀茇胈癹犮炦㢶㢸㧞䄶䖩䟛䟦䩛䮂䮡䯋䰾䳁䳊佛叐咇妭妼弻弼抜拂拔泌
bet4Ab|3,鮁鲅秡
gwet4Aa|5,㒴𨃴鹘鶻餶馉骨蹫谲譎蓇虳縎滑㾶䓛䤎䮩傦啒嗗尳愲扢榾橘汩淈
gwet4B|2,𥇣𡲬鶌阙镼闕趉窟㭾㻕䘿䠇䰬倔僪堀崛弡掘撅
jim2B|13,㚩龑顩隒蒅苒琰珃㢂㮒䌪䎃䎦䒣䣸䤡䶮乵俨儼冄冉剡夵姌广扊掞曮染棪樮橪
jim3A|33,㛪餍饜覎觃猒䛳俺厌厭嬮
jim2A|35,𥀬黡黤黭黶龑魇魘隒靥靨酓裺罨㭺㱘䄋䣍䲓䶮偃冉剦厌厣厭厴噞奄弇掩揜晻檿渰
jim3B|22,𪙊𦦨𤍢鹽鼸騐験驗验酽醶釅豓豔艳艶艷盐焰焱熖燄爓滟灎灔灧灩焔㢛㷔䶫掞敥曕
jim1B|21,𩬅𨰫鹽髥髯阎阽閆閻闫蚒蚦蚺蛅衻袇袡芫簷稴盐焰燄爓炎㶄㿕䀋䉷䦲䫇䶲严厳呥嚴塩壛嫌孍慊檐櫩欕
jim1A|55,𦞴鹽𣸰阉閹醃腌盐硽㤿㦔䅧偣厌厭噞奄嬮崦嶖弇恹懕懨淊淹渰
dim3A|33,㓠𥺦阽簟痁玷㝪坫垫墊店惦扂掂
dim3B|22,𠶧㼭掂
dim2A|35,點跕踮蒧点㸃䍄嚸奌
dim1A|55,袩拈掂敁
cim1A|55,㑒㔐㔾㚧㚲𥽋𠠬韯韱鏲钻铦锓锬鉆銛銽鋓鋟錟襜襳裧薟莶簽籖籤綅繊纎纖纤签㩥㰇㺤㾆䆎䊱䩎䪜䯭䯹佥僉厱嬐孅幨憸攕暹枮櫼歼殱殲
cim3A|33,㙴㜞𨗴韂㟻䃱䃸䊴䠨僭堑塹壍嬱幨暹椠槧
cim1B|21,鬵誗蕁苂荨煘燂燅爓潛潜濳灊烎㰊㶣䁮䕭挦撍撏橬汘
cim2A|35,谄諂讇
cim2B|13,僭
zim1A|55,㐃黏霑鑯谵覘觇詹譫讝蛅薝虃臜臢粘瞻痁熸漸瀐瀸㡨㦰䀡䇝䘂䘋占噡尖岾嶦幨怗惉櫼沾渐
zim3B|22,𨮜魙鏩螹蔪聻漸䟅䤔渐
zim2A|35,颭飐漸䟋渐
zim3A|33,佔僭占
gim1A|55,𥡝鹣鰜鳒鶼蒹缣縑㻩兼搛
gim3A|33,鐱趝䈩䯡剑剣剱劍劎劒劔
gim2A|35,籡睑瞼䭠捡撿检検檢
gim3B|22,俭倹儉
sim2A|35,㚒𦖠陕陝閃闪覢蝉蟬睒煔炶㨛㪎㴸㶒䀹䁡䠾晱
sim1A|55,軕襳苫笘痁
sim3B|22,贍赡剡
sim1B|21,襜蝉蟬蟾裧簷禅禪澶䄠单單壛婵嬋棎檐
sim3A|33,苫熌㣣掞
tim1A|55,㖭𠻹黇酟㬲䋬婖沗添
tim2B|13,餂驔簟㶘恬掭殄
tim2A|35,餂舔甜㤁䄼忝悿
tim1B|21,餂菾胋甛甜㵇䑚恬湉
tim3A|33,㮇㶺掭
nim3B|22,㑫𤦬𦁤艌䧔卄唸埝廿念棯
nim2B|13,㜤
nim1A|55,黏粘稔拈棯
nim1B|21,黏鮎鯰鲇鲶粘秥䬯
nim3A|33,蹨
nim2A|35,拈捻撚
lim3B|22,㑫𤦬𦁤襝裣蔹薟蘞艌莶潋澰瀲㱨㶑䧔卄唸埝廿念敛斂棯歛殓殮
lim2B|13,㜤襝裣蔹薟蘝蘞脸臉莶羷溓㪘㯬㰈㰸㱨䌞䭑嬚敛斂歛殓殮
lim1A|55,黏粘稔令廉拈棯
lim1B|21,黏𢅳𤅄鮎鯰鲇鲶鬑鎌鐮镰覝螊蠊薕臁簾籢籨粘秥睑瞼磏熑燫濂濓㝺㡘㢘㼓䁠䆂䙺䥥䨬䬯亷劆匲匳奁奩帘廉
lim3A|33,蹨
lim2A|35,舐簾帘拈捻撚
him3A|33,㐸芡䈴傔嗛姭慊欠欥歉
him1A|55,𣔙馦锨鍁谦謙磏㰹㷿㸝㽐㾾㿌䵌嗛忺杴檶欦
him2A|35,险険險譣膁肷脥礆猃獫玁䇜嗛崄嵰嶮
kim1B|21,黔黚钤钳鈐鉗鍼軡羬箝䈤仱坩岒忴拑
kim2A|35,钳鉗
ja2B|13,也
ja3B|22,卄廿念
ja1A|55,吔
ja2A|35,吔
ja1B|21,吔
da1A|55,咑打
da2A|35,打
ca1B|21,㜁𥻗𤨓餷馇苴茬茶荼秅碴㢉㢒㾴䁟䅊䠧垞嵖搽查査楂槎
ca1A|55,靫銟蹅艖肞碴䑡䟕叉喳嗏差扠杈
ca2A|35,鑔镲衩茶䊬查
ca3A|33,诧詫衩紁㣾㤞䖳侘咤奼姹岔杈汊
ca2B|13,蹅叉
za1A|55,㗬𠾵齄齇齟龃髽觰譇膼簻糌皶皻砟碴猹㦋㪥䐒䵙䶥倃偺吒咋咱喒喳奓抓抯挓挝揸摣撾柤查査楂樝檛泟浾渣
za3B|22,𧨊𩿞膪耫㡸乍奓宱嵖拃柞
za2A|35,𠾵鮓鮺鲊鲝踷苴砟㷢䋾䕢䱹咋揸
za2B|13,𠾵
za3A|33,鮓鲊醡诈詐蚱蜡苲笮砟痄煠溠灹炸䃎䄍䆛䒲䖳乍偧厏吒咋咤奓拃搾柞榨
kwa1A|55,㐄銙跨誇舿䓙䠸䯞侉咵垮夸姱
kwa3A|33,骻髁跨罣胯挂挎掛
kwa2A|35,骻褂㡁侉咵
ga1A|55,㔔㔖㖙㚙𥑆𧊀𩶛𠺢𠏼𣺊𡩅麚𡣗𤀺𤐵鴐鴚鎵钆镓釓鉫迦豭貑跏袈葭腵茄耞糘笳痂犌猳珈㠰㹢䂟䈔䕒䪪䴥乫伽假傢加嘉嘎嘠噶家尕尜架枷椵毠泇
ga2B|13,㗇
ga3A|33,㗎𡃉𢱌𣕧駕驾賈贾稼价假價加咖嫁家幏架榢
ga1B|21,㗎
ga2A|35,㗎𠿪𠺢駕驾賈贾瘕玍䑝假叚嘏夏婽徦斚斝架椵榎槚檟
sa1A|55,魦鯊鯋鲨髿裟莎粆紗纱砂硰痧猀㠺㲚㸺䣉䤬䩖乷些仨唦挱挲桬沙
sa3A|33,閯誜嗄
sa2A|35,訯耍纚灑倽啥洒
ta1A|55,铊鉈祂牠他咜她它怹
ma3B|22,㐷鬕駡骂蚂螞罵祃禡犸獁㾺䘞䧞傌杩榪
ma3A|33,㐷駡骂罵傌吗嗎嘛
ma2B|13,𥡗鰢鷌馬马鎷遤螞蚂码碼瑪犸獁玛溤䣕䣖吗嗎妈媽杩榪
ma1B|21,麻蟆蟇蔴痲痳犘㦄䗫䲈䳸嘛妈媽嫲嬤嬷
ma2A|35,麻码碼妈媽
ma1A|55,𡚸馬马蚂螞狕么吗嗎嘛嚜妈媽嬤嬷孖摩
na2B|13,㑚㖠𦰡𤥶郍那哪
na1A|55,𤶸𤸻𢲡𠸎那南哪
na1B|21,鎿镎那㧱䛔南哪嗱娜拏拿挐梛
na3B|22,䏧
na2A|35,乸拿
na3A|33,吶呐
la2B|13,㑚㖠𦰡𤥶郍那藞哪喇揦
la1A|55,㖸𤶸𤸻𢲡𠸎鞡那砬磖剌南哪啦喇嘞垃旯
la3A|33,㙤𡅈鎼鏬罅吶呐啦喇嘑嘞嚹揦
la2A|35,𢲡乸啦拿揦
la1B|21,鎿镎那㧱䛔南哪啦嗱嚹娜拏拿挐梛
la3B|22,䏧
ha1A|55,㗇𧇍𧎚鰕颬铪閕閜鉿谺蛤蝦虾疨下吓哈嚇岈暇
ha3A|33,㙈懗
ha3B|22,𤧶𦷜𡟺颪芐睱疜煆㰺丅下乤厦圷夏夓廈昰暇梺
ha1B|21,𤫑𡤕𣌊騢霞鍜遐赮蛤蝦蕸虾碬瑕瘕䠍䪗䫗假暇
ha2A|35,下吓
ha2B|13,下吓奤
ka1A|55,𡛨鉲胩㤉䶗佧卡咔咖喀峠拤揢擖
ka3A|33,髂胢䯊喀旮
ka2A|35,酠跒卡
ka1B|21,咔
fa1A|55,𤾸華蒊蘤花芲糀硴㳸化华埖
fa3A|33,諣划化杹
fa2A|35,化
fa1B|21,吪
nga3A|33,㚳𩤃𦩒𥮳𥺼齾阿锕錒襾稏㢌㰳䅉䢝亚亜亞俹吖呀呵啊垭埡妿娅婭挜掗氩氬
nga3B|22,𧧝𦜖𠻺閕迓訝讶砑犽啊御挜掗
nga1A|55,𠮩鸦鴉鵶鐚铔锕錏錒㝞䃁丫亚亞吖呀哑啊啞孲枒桠椏
nga1B|21,齖釾蚜衙芽笌琊瑘疨牙玡㧎䄰䥺伢啊岈
nga2A|35,阿芽瓦痖瘂牙哑唖啊啞嗄
nga2B|13,雅邷蕥砙瓦疋㧚㼘㿿䪵佤厊咓庌
pa1B|21,𠌊钯鈀耙筢琶爬潖䎬䎱扒把掱杷
pa1A|55,趴葩舥皅䔤䯲妑扒
pa3A|33,袙帊怕
pa2A|35,琶怕扒
wa3B|22,㕦黊话觟話諙譮華罫画畫澅䇈䛡华婲嬅崋摦桦槬樺
wa1A|55,㖞𪎩鼃鮭鲑騧豁誮譁蛙穵窊窐窪瓾畖溛漥㢐䨟䯄䵷凹划叧呙咼哇哗唲啘喎嘩娃挖撶汙洼
wa1B|21,𨅯鷨驊骅鏵铧釪釫鋘錵華蕐㟆㠏㦊㭉䅿䔢划华哗嘩崋桦椛樺
wa2A|35,𢱑话話華画畫䠚剐剮华抓搲攨
wa2B|13,輠踝䋀
ba3B|22,㔥跁罢罷矲猈䆉䇑䶕吧
ba1A|55,𤆵鲃豝蚆葩芭羓粑紦笆疤爸㸭㿬䰾叭吧夿岜峇巴巼
ba3A|33,霸靶覇灞㶚䃻䩗䩻伯坝垻壩弝把欛
ba2A|35,靶钯鈀罢罷㞎巴把
ba1B|21,爸
gwa3A|33,诖詿褂罣絓卦啩坬挂掛
gwa1A|55,踻胍緺瓜㧓䒷䫚呱栝歄
gwa2A|35,褂䈑冎剐剮寡
ji1A|55,㐆㛄𦲤𠲖𠵱𦴣𪘲𩂱𣐿𦸒𡛂鹥黟黳𤨦鷖铱郼醫銥譩蛜衣菑繄祎禕稦瑿畩猗漪㥋㳖㾨㿲䃜䒾䚷䝝䧇䪰䫑䫯伊依儿兒医吚咿噫姨嫛悘意椅檹欹毉洢淤渏
ji1B|21,㐌㖇𩓧𣻗𠵌𤦌𠊙𣶺𡝮𣟗𣿭𦲀鸃鸸𤦤𤪦𢑱鮞鮧鲕鴯鴺颐飴饴髵陑隭頉頤頥顊鏔酏輀轜迆迤迻逘诒谊貤貽贻跠觺訑詑詒誃誼謻蛇蛦螔衪袘袲袻萓腝臑苐荋荑羠而耏聏胰胹籎粫移竩箷簃皚眙眱瓵疑痍皑熪狋珆溰㝖㞔㥴㦾㧫㰘㴣㹫㺿㼢䄬䋩䎟䎠䔟䝯䞅䣡䧅䩟䬁䬮䮊䮘䱌䲑䴊䶏乁仪侇侕儀儗儿児兒冝匜台咦唲圯夷姨宐宜宧寲峏峓嶷巸弬彛彜彝彞怡恞扅拟拸擬暆杝柂栘栭桋椬椸歋沂沶洏洟
ji3B|22,㑥㒃㓷龭𤩺𤜥鶍食谊貤貮貳贰誼羛義肄異犠潩㡼㻛㼁㽈䓪䔬䝯䰮䰯䲪义二伿佴刵劓勚勩咡嬟廙异弍弐敡施易樲殔
ji2A|35,㕈𣺈𦿟齮𤀽陭輢貤踦裿绮而綺笫犄猗漪㫊㰻䭲二依倚偯咦宜庡意扆敼旑旖椅
ji2B|13,㕥𤤳𡉏𦢈𤣱駬阤陁铒鉯鉺迆迤迩邇趂趰議议衪袘袮薾薿苡苢耳笖矣珥爾㠯㩘㫆㰝䋙䌺以佁佴儗厼孴尒尓尔崺已拟擬攺旀栮洱
ji3A|33,𡤜𡄻鷧鷾𢚘饐鐿镱贀議议衣袣薏瘗瘞瘱癔燱㦉㦤㱅㱲䓹䗷䬥䵝亄嫕嬑悥意懿撎欭殪
di1B|21,哋啲弟
di1A|55,啲
di2A|35,弟
ci2B|13,㐶㕽㚶跱似佀価姒娰峙恃杮柹柿汜泤洍
ci3A|33,㒾㓨𦐑𡷑𤷫𧶽𢡠𨦉𠤣饎賜赐跮踅蚝蛓茦莿织翄翅翤翨胵糦絘織眙痓熾瀃炽㡹㢀㥡䗹䯸䰡䱨䳐乲佽儩刺刾厕厠啻帜幟庛廁怾恣揓旘朿杘束杫栨次
ci1B|21,㔭㘂㘹𩼰𨨲𨐒𤧹𡞰𥔵鹚𨫞慈鴜鶿鷀餈馳驰辝辞辤辭迟遅遟遲词貾赿踟訾詞誃謘蚳薋薺臍茈茌茨茬茲荎荠脐糍祠竾筂箈箎篪磁礠瓷甆疵珁濨㞴㢮㤵㮛䆅䈘䐡䙙䛂䛐䜄䞾䨏䪧䭣䮈䲿䶔䶵傂兹匙坘坻垐墀嬨岻弛彽慈持柌歭池治泜
ci1A|55,㖢鸱麶黐齝齹魑鴟鵄飺骴髊雌郗訵訾誺蚩螭蠀胵粚絺縒离笞眵瞝瓻疵痴癡玼㞖㰞㷰㺈䂣䇪䙻䣫䧝䧳䬜䲭䳄偨呞呲哧嗤嘁妛媸嵯差彨彲摛攡
ci2A|35,㗠𦴢齒齿鮆鉹豕跐踶誃謻袳裭褫耻肔胣笶矢玼㢁㢋㫮㶴䊼乨佌侈兘匙卶哆垑奓始姼恀恥扡持杝柹柿此歯泚
zi2A|35,㕄𧘲𡥄𣲵𠂔黹阯酯釨軹轵趾襧訨訾訿衹藢虸自芓芷茈茋茝茞纸耆耔胏籽紙紫祇祉秄秖秭笫矷砋砥疻滓㜽㞨㡳㡶㧗㫑㫖㮹㲛㺭㾅䅩䇛䔂䘣䛗䤠䦻䰵䳅仔劧厎只吇呰咫啙址坁坻夂姉姊子字寺帋徵恀恉扺抧指旨杍杝枳梓榟橴止汦沚泲洔淽
zi3A|33,㚄𦤹𡟹𢜔𢙺𥺃鸷𩥝𤥴鷙駤騺鋕躓軽輊轾質贄质贽踬覟觗觯觶誌識识至致织置胔胾緻織窴筫知礩疐痣漬㨖㰷㴛䄊䅆䏯䐉䓌䘭䚳䞃䞇䠦䡹䥍䦯䲀俧倳剚娡孳孶寘徝志忮恣憄懥懫挚摯智梽渍
zi3B|22,𣏌𠻸𩨨𡵆𡍶𦬊𥜥𠊷鴙食飤飴飼饲饴騃阤雉釲鈶鈻豸跱覗自芓芖茡荢耜絼祀禩秲稚稺穉竢笥眥眦畤痔牸滍㣥㧘㨁㭒㱴㸻䄺䆈䇃䉜䎣䕌䚦䝰䦙乿伺俟偫傂兕嗣垁字孠寺峙崻嵵巳庤廌彘搱治泜涘
zi1A|55,𦔒𪗋𤦧𣔰𡝳𣷸鼅鼒齊齍齐齜龇鮨鯔鰦鲻鳷鴲鶅飦馶髭頾頿鎡锱镃鄑鈭錙鍿輜輺辎谘貲資赀资赼趀趑趦觜訾諮蜘螆衼袛菑葘臸芝茊茲缁肢胑胝脂粢紎緇祗祬禌秓秪秶稵知甾畠疷玆湽滋澬㞢㠿㩼㯄㰣㲍㴯㸟㽧㽻㾳㿳䅔䊷䌶䎩䓋䓜䓡䓩䖪䝷䟡䠖䣎䣽䧴䵹之仔倁偨兹卮只吱呲咨嗞姕姿孖孜孳孶崰嵫巵徔恣搘支枝栀栥梔椔椥榰次氏汥泜淄
zi1B|21,芝
gi1A|55,𠼻
si3B|22,㐊㕝𥘅鉃豉跱視视諟蒔莳耆示礻眂眎眡㹝䊓䏡䜵䜻䟗䩃䭄亊事仕伺侍叓士壭峙崼徥恀戺是昰枾氏
si2A|35,㐪㕜鉂豉視视諰蒔莳縰纚矢㹬䂠䒨䦠事使侍史士宩屎市时是時死
si1A|55,㒋㕧㚸𦒈𨶹𢘜𪀔𪆓𤞏𧈛𦮂𤩐𡡒𥯨𧩹𢇃𤠒鷥鸤鸶鼶齝𩅰鰤鳲鳾鶳颸飔餏饻騦鐁铊锶酾釃釶鉇鉈鉰鋖鍦鍶邿诗襹詩蛳蜤螄蟖蟴褷葹蒒蓍蕬虒缌罳絁絲緦纚禗禠私簁磃瑡燍狮獅湤溮澌㟃㠼㴲㺇㺨㺰㻢㽄䇁䌤䌳䐖䔮䗐䙾䞏䡳䣳䧭䫢䲉䲩䴓丝俬偲僿凘厮厶司呞咝嘶噝媤尸屍师師廝思恖撕斯施楒榹泀浉
si1B|21,㖷鼭鰣鲥鍉蒔莳溡㫭䈕匙埘塒姼峕时旹時榯
si3A|33,𣳉駟驷试谥貄試諡謚螠肂肄肆㣈㳏䛈使呩嗜四弑弒思柶泗
si2B|13,铈鈰试試市柹柿
ti1B|21,𢚖啲
mi1A|55,眯瞇咪
mi1B|21,咪
ni1A|55,𨉖呢
li1A|55,𨉖呢哩唎
hi1A|55,𠺪咦
wi1A|55,喴
bi1A|55,啤
bi1B|21,啤
gwi1A|55,𪚩
jep4B|2,㐈魞鳰翕礏㠳䗑入扖杁
jep4Aa|5,㛕𦒉邑裛翕翖熠熻㪧㬤䇼䉗䏠䓃䔱䭂俋唈嬆悒挹揖泣浥湆湇
dep4Aa|5,㗳𦖿耷䐛塌
dep4B|2,𢱕𠳖揼
cep4Aa|5,㙫雴靸輯辑趿諿葺蓻蕺缉緁緝湒潗濈㞚㠍㣬䁒䅤䌌䌖䐕䙄偮咠嶯戢揖湁
zep4Aa|5,𢴇𣙀馽霵釞臜臢絷縶瓡䉅卙執慹执汁
zep4B|2,集雧霫漐亼
gep4B|2,𥄫𠶲鷑㧀䀹及岌
gep4Ab|3,鸽鮯鴿颌頜閤郃蛤葢蓋盖㠷㭘䗘䧻䪺䫦佮匌合夹夾戓搿
gep4Aa|5,芨㤂㽺叝彶忣急
sep4Aa|5,㗩趇譅湿溼澀澁濇濕䏉䔼椞歰涩
sep4B|2,辻甚䦹什十拾
tep4Aa|5,𠸊
nep4B|2,𣲷𥹉㵫
nep4Aa|5,𢈈粒凹埝
lep4Aa|5,㕸𢈈苙粒笠凹埝
lep4B|2,𨚪𣲷𩶘𥹉𠈔鱲鴗立㵫䲞搚
hep4Aa|5,㓣铪醘鉿袷葢蓋盖瞌㝓㡊䁍䁯䆟䏜䐦䶋䶎冾匼峇帢恰敮洽
hep4B|2,㔩㕉㕎𢈈颌餄饸阖陿頜鑉铪閤闔鉿郃詥葢蓋耠粭秴篕盇盍盒盖瞌硖硤磕礚珨熆狭狹溘烚㥺㪉㮉䢔䨐侠俠劐匌匣合嗑峆峡峽搕敆榼欱洽
kep4Aa|5,㒆㘊𢲩钑闟鈒觙给級給级笈潝㬛㲸㴔伋吸噏圾岌扱歙汲
kep4B|2,𪘁𢎽𠶲𤜯芨䲯及
ngep4Aa|5,㔩鰪邑腌罨㷈䞩匎啽噏姶廅搕
ngep4B|2,魥砐硆礘㱞䑥䑪岋岌歞
jing1B|21,㐩㓝㗡㜲𨜏𧘌𨧞𨯗𠐓𡟚𨩙𢥏𤯵𤅗𤅀𦇝𤑚陉陘陾鎣钘铏鈃鉶銒鋞辸迊迎邢郉贏赢覮謍蛍蝇蝿螢蠅萤营萦萾蓥藀艿芿茔荥荧莹莻籝籯縈礯礽盁盈硎瑩熒營溁溋滎滢潆濙濚濴瀅瀛瀠瀯灐灜㣜㨕㭁㵬㶈㺱㼆㼛㿘䁝䃷䄧䑉䕦䚮䣆䤯䤰䪯仍侀僌冰凝刑営型塋娙嬴形扔攍攚桯楹櫿
jing3B|22,㑞㓑鱦迎認认膡滢瀅䁄䂔䱆媵
jing3A|33,㒣𪈠軈譍㣹㶐㶝噟应応應
jing1A|55,㖜𪃳𩤯𡎘𠸄鷹鸚鹦鹰𨰃𡢞鶧霙韺鑍賏譍譻蝇蝧蠅蘡膺英绬缨緓纓碤珱瑛璎瓔煐瀴䁐䊔䋝䣐䦫䧹䨉偀啨嘤嚶婴媖嫈嬰孆孾应愥應撄攖朠桜樱櫻渶
jing2A|35,𦴤鐛認认莹盈瑩瘿癭瀴㢍㲟䚆䨍䭊䭗䭘宑巊廮影摬映景暎
jing2B|13,郢矨㹵䀴梬浧
ding1A|55,㐉靪钉酊釘虰耵盯町疔玎㣔䦺䰳丁亇仃叮帄汀
ding3B|22,𠉵铤锭鋌錠訂订蝊萣腚聢㝎啶定忊
ding2A|35,鼎鼑顶頂鐤酊薡艼濎㫀㴿奵定嵿
ding3A|33,飣饤顁铤锭鋌錠訂订矴碇碠磸椗
cing2A|35,㐼𢌥騁骋郢逞请請程睈䝼䞍侱庱徎悜情拯撜氶
cing1A|55,㛵𤦭𤲟鼱鯖鲭阷靑青頳郬赪赬蛏蜻蟶菁腈緽称稱穪竀爯䕝䗀䞓䨝偁僜圊埥寈柽檉氰淸清
cing1B|21,𦻓𣽿𤩏餳饧酲蟳裎脭程珵甠澂澄瀓䄇䇸䝼䞍呈埕夝征徵情惩憕懲成晴暒
cing3A|33,靘秤称稱碃濪㣒㵾儬掅
zing3A|33,𦭒𤴓鴊钲鉦証證证症㡠㡧㱏㱐䈣䥌䥭帧幀政正
zing1A|55,𦑊𤴓𥰁𨜓𤉋𢘫𤋺𤦹鼱鯖鲭鶄钲鉦遉貞贞蜻菁蒸聇聙脀精祯禎箐篜眐睛碵症癥湞炡烝㠞㷥㿂䇰䊒䋊䒱䕄䴖佂侦偵姃媜寊征徰徴徵怔揁旌旍晶桢楨橸正浈
zing3B|22,𧂮𥴰𩇕𤂅𦽴阱靓靖静靚靜郑鄭賸穽竧竫瀞㣏䝼䞍净凈凊剩坓塣妌婙婧梷汬浄淨
zing2A|35,井愸整晸
ging2A|35,㘫㜔𠾶𡡡𠎠警蟼竟璄璟璥燝㬌䜘儆刭剄境幜憬憼景暻
ging3B|22,𠗊誩竞競竸痉痙倞劤劲勁曔殑
ging1A|55,鹶麖麠鵛鶁驚荆荊经経經矜矝㥤㮗䃄京亰兢坕坙婛巠惊泾涇
ging3A|33,陉陘迳逕踁茎莖胫脛竞競痉痙獍䔔俓劲勁弪弳径徑憼敬桱
sing1A|55,㙚𨛘𡉼𡟙鮏鯹鵿騂骍阩陞陹觪觲謃腥聲胜竔箵篂皨瑆焺煋狌猩㮱㱡㷣㽮䃏䗌勝升呏垶声惺抍斘旌旍昇星曐枡
sing1B|21,𣲛𡷫𠉛𠄘鯎騬铖郕鋮诚誠譝荿绳絾縄繩窚筬盛珹畻溗澠㞼㴍㼩䋲䡕䫆䮪丞乗乘城堘塍塖娍宬峸憴成承晟椉洆渑
sing3B|22,𣛮𩦝𦼦賸盛䞉乗乘剩剰墭嵊晟椉
sing2A|35,醒诚誠绳繩箵盛省睲㝭城渻
sing3A|33,蕂聖胜琞勝圣姓性榺橳
ting1A|55,㓅㕔𦂃𦭑鞓耓聴聼聽綎町烃烴䋼䩠䯕厅听庁廳朾桯汀
ting1B|21,𨑳𨫆𥪜𨪃鼮𤧟𤧻霆閮邒諪蜓蝏葶莛聤綎筳㷚㹶㼗䗴䱓亭停婷嵉庭廷楟榳渟
ting2A|35,𪊶𡈼脡珽䦐亭停婷挺
ting2B|13,颋頲铤鋌誔艇脡珽町甼濎烶䅍䵺侹圢娗挺梃涏
ting3A|33,聼聽听
ming1B|21,𨧹𤥁鸣𠱷鳴铭鄍酩銘覭螟蓂茗盟眀眳瞑焽猽溟㝠㫥䄙䆩䊅䳟冥名嫇明暝朙榠洺
ming3B|22,𠵴詺䒌命掵暝椧
ming2A|35,铭銘皿瞑明
ming2B|13,铭酩銘茗笽皿瞑溟㝠㟰㭗佲冥凕姳慏暝
ning1B|21,𤪥𧭈鸋𡨴𡩋鬡鑏薴苧聍聹甯狞獰濘㝕㲰䆨䗿䭢佇儜咛嚀嬣宁寍寕寗寜寧拧擰柠檸泞
ning3B|22,𤀑𡨴甯澝濘㣷㲌㿦佞侫倿宁寕寗寧拧擰泞
ning2B|13,眝矃䔭橣
ning1A|55,拎
ning2A|35,拧擰
ling1B|21,㖫㚑𤪥𤫊𤅷𠸖𤫩𤦫𧭈𤊥𣌟鸋鸰鹷麢齡齢龄龗𡨴𡡷𩆜𡩋鬡魿鯪鲮鴒駖陵零霊霗霛霝靈鑏铃閝酃醽鈴錂軨輘跉詅蛉衑裬菱蓤蔆蕶薐薴蘦舲苓苧绫羚翎聆聍聹紷綾祾秢稜竛笭碐琌瓴甯皊燯爧狑狞獰玲澪濘灵㝕㡵㥄㪮㬡㯪㱓㱥㲆㲰㸳㻏㾉䄥䆨䈊䉁䉄䉖䉹䌢䍅䔖䕘䖅䗿䙥䚖䠲䡼䡿䧙䨩䬋䭢䯍䰱䳥䴇䴒䴫令伶佇倰儜凌刢呤咛嚀囹坽堎塄夌姈婈嬣孁宁寍寕寗寜寧岭岺崚彾愣拧掕擰昤朎柃柠棂棱楞檸櫺欞泞泠淩
ling3B|22,𤀑𡨴踜睖甯澝濘炩㣷㲌㿦令佞侫倿另呤宁寕寗寧愣拧擰楞泞
ling2A|35,齡龄零靈铃鈴玲灵令拧擰
ling2B|13,领阾領袊眝矃䔭岭嶺橣
ling1A|55,零铃鈴㩕令伶拎
hing1A|55,㑆㒷㚾𧅥𨯵𦺄𡖖馨馫鑋輕轻賯蛵興㭢䅽䕟兄兴卿嬹氢氫
hing3A|33,𨯙𡕷𢿌诇詗謦臖興罄綮矎硁硜磬㷫䋜䋯䡖兴庆慶敻櫦殸
hing2B|13,踁胫脛㹩
hing2A|35,焸漀䳙
king1B|21,㒌㔀黥鯨鲸赹葝藑茕睘瞏琼璚瓊瓗焭煢㢣㯳㷀㼇䲔䵞儝冰凝剠勍嬛惸憌擎擏棾樈橩檠殑
king2A|35,顷頃頔苘㩩䔛䯧庼廎檾
king1A|55,顷頃倾傾
fing3B|22,捹
ping1A|55,𠹶𡞲頩閛艵聠砯砰硑甹䛣䦕乒伻俜匉姘娉弸怦抨拚拼涄淜
ping1B|21,𡞴𨥾𨸶𣸹𤧅𦂤𤋊𦱾鮃鲆駢騈骈郱鉼軿輧評评蚲蛢萍蓱蘋苹荓莯缾胓簈竮箳瓶甁玶㺸㻂䈂䍈䓑䶄呯坪塀屏屛岼帡帲幈平抨枰檘泙洴
ping3A|33,騁骋聘䀻併倂并幷拼
ping2A|35,瓶屏
wing1B|21,㘇𡠺𤪤𣞁蝾蠑荣禜爃㮠嬫峵嵘嵤嶸巆揘栄榮
wing3B|22,𦻑𩓙𤃡𢫕颍颕颖頴醟詠蒏禜穎潁咏泳
wing2B|13,𡛻𤤯𢒋怺柡栐永
wing1A|55,𢫕扔
bing3A|33,㓈鈵迸逬竝並併倂寎屏屛并幷摒柄棅
bing1A|55,𦛼𨴴鋲乒仌仒兵冫冰屏屛并幷掤栟氷
bing2A|35,𡛦𣶸𤦋𨧺𡟛餅餠饼陃鞆鞞迸逬邴蛃苪秉窉眪炳㨀䴵丙偋寎屏屛怲抦摒昞昺氞
bing3B|22,鮩竝病䗒並併倂傡垪并幷庰栤
gwing2A|35,㓏𥺂𢌡颎顈迥逈詗诇褧蘏蘔苘絅綗煚煛熲燛炅炯烱㢠㤯㯋㷗㷡䌹䔛䢛冏囧扃檾泂浻
gwing1A|55,駉駫烓㺾䮐冂冋坰埛扃
gwing3A|33,澃
jau1A|55,㕭𠰋
cau3A|33,𠳕觘罺耖肏仦仯
cau1A|55,𧣈𤙴钞鈔绰綽䫸䰫剿勦抄毮
cau1B|21,鄛轈窲皱皺巢巣樔
cau2A|35,訬焣煼炒㶤㷅䎐吵
zau2A|35,㐍㕚釽菷肘箒瑵爪爫䝖帚找抓
zau3B|22,㑿驟骤䑲掉棹櫂
zau3A|33,𦻐罩羄笊㷹䈇䍜枛
zau1A|55,謿窼䞴啁嘲
gau2A|35,㚣餃饺铰鉸賋虠绞絞笅筊皎狡灚烄㩭㽱㽲䀊佼姣捁搅搞撹攪晈
gau1A|55,鮫鲛鵁郊轇跤覺觉蛟膠艽茭胶㬵㶀䍊䕧䢒䴔交佼咬嘐峧敎教
gau3A|33,铰酵鉸較较覺觉窌窖筊珓滘漖敎教斠校
gau1B|21,覺觉
sau1B|21,𠿫𢶠𥋘
sau2A|35,𨈘蕱稍㪢䔠哨
sau1A|55,鮹颵髾鞘輎蛸艄莦筲䈰䈾䘯弰捎旓梢
sau3A|33,睄潲䏴哨娋
mau1B|21,㑤㚹𨥨鶜髳锚錨蝥蟊茅茆矛䅦䖥媌嫹渵
mau3B|22,㒵𠒇貌貎缪繆皃㹸䡚䫉
mau2B|13,铆鉚茆笷牡乮卯夘峁戼昴泖
mau1A|55,貓猫
nau3B|22,鬧閙闹臑淖
nau1B|21,鐃铙锚錨詉譊蛲蟯硇碙猱獶獿䃩䴃呶夒峱嶩巎巙怓挐挠撓桡橈
nau1A|55,孬
nau2A|35,挠撓
nau2B|13,挠撓
lau3B|22,鬧閙闹臑淖
lau1B|21,顟鐃铙锚錨蹘賿詉譊蛲蟯硇碙猱獶獿䃩䴃呶夒峱嶩巎巙怓挐挠捞撈撓桡橈
lau1A|55,孬捞撈
lau2A|35,挠撓
lau2B|13,挠撓
hau2A|35,㘼㚽㛈𠱼薧考祮祰禞烤䯪䲾丂侤巧拷攷栲洘
hau1A|55,飍骹髇髐頝鄗酵跤踍虓纐窙硗硣磽痚猇灱灲烋烤㤍㫴㹲㺒䂪䂭䟁䬘䯨侾吼哮唬嗃嘋嘐墝婋宯尻庨拷敲
hau1B|21,郩訤誵㮁䂚䋂䒝倄姣
hau3B|22,詨誟滧㤊䉰俲傚効恔挍效敩斅斆校
hau3A|33,㭳䓔嗃孝撽涍
kau3A|33,鮳鲓靠铐銬㸆䎋
ngau2A|35,㑃詏抝拗
ngau3A|33,㕭㘬㘭靿詏凹坳垇岙嶴抝拗
ngau1A|55,㘭𢯎𢲷凹坳垇抓
ngau1B|21,𥁒𤉶餚肴熬爊爻㿰䵅乐崤樂殽洨淆
ngau2B|13,齩䶧咬
ngau3B|22,乐樂
pau3A|33,㘐麭靤豹趵礮皰砲礟疱炮㯡䶌奅泡
pau1B|21,麃麅颮飑鞄鑤铇鉋跑爮狍炮炰刨匏咆垉庖
pau2A|35,跑刨泡
pau1A|55,萢脬抛拋泡
bau1A|55,㚿鮑鲍蚫褜苞胞笣佨勹包孢枹
bau3B|22,齙龅鮑鲍骲髱
bau2A|35,飹飽饱䭋怉
bau3A|33,爆犦炮
jen3A|33,㒚鮣菣茚脪㡥㥼㾙䲟印懚
jen1A|55,㘻𢜛𦲽𤨒𡟯𨪜𣪧黫𡟻𢞴𠗃駰骃陻鞇铟闉銦邤訢諲裀蒑蒽茵絪緸禋秵筃盺甄焮煾湮溵潱濦炘烟㤙㧢㶏䄄䓰䜣䧣人俽凐囙因垔堙妡姻婣忻恩惞慇昕栶欣歅殷氤洇
jen3B|22,㚺𦚯馸靭靱韌韧酳釁鈏軔轫訒讱衅舋肕胤紉纫牣湚㞌㠴㣧㪦㸾䀔䡛仞仭刃刄匁孕屻岃慭憖憗扨朄杒梕
jen2A|35,𠃊𦻕隐隠隱躵赾讔螼蘟荵綛磤溵濦㞬㣼㥯㦩㶏䨸乚人峎嶾忍檃檼櫽殷
jen1B|21,𣏴龪𣲚魜蔩芢秂璌㝙人亻仁儿夤寅忈忎朲殥
jen2B|13,𠒒𠇁靷蚓螾瘾癮濥㧈㽼䇙䌥䒡听吲廴引戭朄洕
den2A|35,𧄌𣎴躉趸墩墪氽
den3A|33,蹾㩐扥扽撉撴
den1A|55,蹾匰墩墪
den3B|22,踲燉潡炖㩐伅扽
cen2A|35,㐱黰駗鬒陈陳頣軫轸辴诊覙訠診袗缜聄胗紾縝稹笉矤矧畛疢疹㶊䂧䑐䪾哂姫弞弫抻捵昣
cen1A|55,𡤅親謓瞋㥲䀼䐜䠳亲嗔媇寴
cen3A|33,齓齔龀趁趂襯親衬藽称稱疢瀙䞋亲儭嚫榇櫬
cen1B|21,陈陳軙迧螴蔯薼塵尘敶樄
zen3A|33,𨦸𨯂𢸍震鎭鎮镇賑赈誫裖纼紖瑱甽㣀䝩䳲侲圳娠挋振
zen1A|55,𨫎𤨤靕鉁錱袗蒖薽胗籈禛眞真瞋甄珍珎㲀䂦䃌䈯嗔嫃帪
zen2A|35,黰鬒阵陣軫轸诊診袗缜紾縝稹眕眹畛疹䠴屒抮
zen3B|22,阵陈陣陳纼紖㮳䀕䊶䏖䨯塦
kwen1A|55,㒭𨬌𧥺𤨾鹍𡑔𤍣鯤鲲鵾鶤騉髠髡髨钧锟醌鈞錕菎碅琨瑻焜熴猑㟒䖵囷均坤堃堒尡峮崐崑巛昆晜
kwen3A|33,𣱣𡝗𦴨窘箘箟睏㬷䇹侰僒困捃攈攟涃
kwen1B|21,𡢡麇麕裙裠羣群㪊㿏䭽宭帬
kwen2A|35,麇阃閫閸裍裙菌綑祵稇稛箘箟硱䇹䠅壸壼悃捃捆攈攟梱
kwen2B|13,蜠㻒䐃
gen2A|35,𡁵𧫴饉馑近谨覲觐謹菫紧緊瑾漌㝻㹏䌍䒺䫀仅僅卺厪堇墐嫤巹廑槿殣
gen3A|33,龩靳覲觐菫艮茛㧆㨷㫔伒
gen1A|55,𩂋𦶠釿跟觔荕筋䈥䈽䘜䤺哏巾斤根
gen3B|22,近覲觐仅僅堇墐歏
sen1A|55,㑗㖕㚨㛙㛛㜪𧊋𥭴𣟕𤒇鯓鵢駪锌鋅身辛诜訷詵裑薪莘绅籶籸紳神眒砷甡申燊珅㢹㳯㽓䅸䊁䢾䯂䰠伸侁信兟呻噺妽姺娠屾峷扟敒新柛氠
sen3A|33,㔤
sen2A|35,㖘𠱸腎臣肾神
sen1B|21,𠩐麎鰰鷐鉮辰蜃臣莀神㫳䆣䢅䢻䣅宸敐晨曟栕桭榊
sen3B|22,鋠蜃蜄腎肾胂祳眘㰮愼慎昚
sen2B|13,蜃腎肾脤
ten3A|33,㖔蹆褪㧷
ten1A|55,黗飩饨焞㬿䵊䵍吞呑旽暾朜氽涒
ten1B|21,飩饨揗
ten2A|35,氽
men1B|21,㐎𦅙𦐐鼆鼤𣐀魰鳼鴍鴖馼駇阌雯閺閿闅闻鈫鈱錉鍲蚊螡蟁芠苠纹缗罠聞紋緍緡盿砇碈珳琘琝瑉甿痻玟珉㞶㟩㟭㣊㨉䁕䂥䃉䋋䎹䎽䝧䟨䡑䦩䪸䰚垊姄岷崏彣忞忟怋捪文旻旼暋民氓汶
men2B|13,㖧㖴㗃㛧𧁋𡢄黽黾𤨨𣇹鰵鰶鳘閔閩闵闽蠠肳脗簢紊笢湣潣澠㥗㥸㫣㬆䐇䲄僶冺刎刡勄吻呡悯惽愍慜憫抆抿敃敏敯暋歾泯渑
men3A|33,𠍁
men2A|35,雯闻纹聞紋忞抆抿文
men3B|22,问闻舋莬纹聞紊紋絻璺㡈㭣㼂䠺問妏文汶渂
men1A|55,蚉蚊螡蟁炆䘇文
nen1B|21,囜
nen2A|35,撚
len2A|35,𠹌𨶙撚
len1B|21,𠹹囜
hen1B|21,鞎痕㯊
hen2A|35,豤貇詪痕狠䓳佷哏垦墾很恳懇
hen3B|22,恨
ken1B|21,㘦𣂷𣂼菦菳蓳芹矜瘽㢙䓅勤厪堇廑慬懃懄斳
ken2B|13,近
ken2A|35,芹
fen1A|55,㖧㛰𤦈𡓽𨧼𤑛𤉙𤏩𠊠𡝱𣶼餴饙阍雰閽酚醺鈖躮訜衯葷蔒薫薰蘍臐芬荤纷翂紛纁窨睧睯矄砏熏燻爋獯玢焄㞣㡪㤋㬟㯣㱪䌲䎜䗼䙧䭻䵫兺分勋勛勲勳吩哛嚑埙塤壎婚帉惛惽昏昐昬曛朆棔棻棼殙氛涽
fen2B|13,𡘊𡚒魵鱝鲼賁贲膹偾僨喷噴坋奋奮弅忿愤憤歕
fen1B|21,𡌂黂鼖鼢魵馚馩隫鐼轒豮豶賁贲蚠蚡蒶蕡羒羵焚燌燓濆炃㷊㸮䩿䫶䴅坟墳妢岎幩朌枌梤棼橨汾
fen2A|35,黺粉㥹份
fen3A|33,鑂訓训粪糞瞓焝瀵㱵
fen3B|22,秎犯㿎份分坋忿
ngen1B|21,㙬齗齦龂龈银闦鄞銀訔訚訢誾珢犾狋狺㸧㹜㹞䇵䓄䖐䜣䴦嚚圁圻垠峾斦檭沂泿
ngen3B|22,靭靱韌韧猌㴈䅱䬶䭓垽
ngen1A|55,韌韧奀
ngen2A|35,银銀䅰
ngen3A|33,贋贗赝䟴䭡印
pen3A|33,㖹濆呠喯喷噴歕汖
pen1B|21,𧅵𡣑𤅖顰频颦頻貧贫蠙薲蘋矉琕玭濒瀕㰋嚬娦嫔嬪
pen1A|55,馪驞穦礗㡦䎙喷噴歕
pen2B|13,牝
wen1B|21,㑮㛣㜏𦶮𡢅鼲𤆥𣶽魂餛餫馄雲郧鄖鋆轋郇蒷蕓芸耘耺紜縜繉繧纭秐筠筼篔眃珲琿畇瘒溳澐㮯㽦䉙䊐䡣䢵䮝䰟䴷云勻匀员員囩妘忶愪昀晕暈枟楎橒沄浑涢混渾
wen1A|55,㚃𨋍𩥈鰛鰮鳁饂馧頵鎾輼轀辒豱贇赟蝹蒀蒕蕰蕴薀藴蘊缊緼縕瑥瘟煴熅湾溫灣㬈㼔塭奫昷榅榲殟氲氳温
wen3B|22,㛡𩐳𩐝𢥫𦹲餫韗韵韻顐郓鄆运運诨貟贠觨諢腪緷煇熨溷潉㟦㥵䚋䚠䛰䧰䩵䫟䲰䵴俒倱傊员員圂均尉恽惲慁掍晕暈浑混渾
wen2B|13,𧂯齫齳𥝲馻阭陨隕霣韵韻酝醖醞鈗輑菀蕴藴蘊荺磒狁㩈䆬䇖䞫䤞䨶䪳允喗均夽尹抎殒殞
wen3A|33,𧄧鞰韞韫酝醖醞菀蕴藴蘊缊緼縕愠慍揾搵
wen2A|35,𡓨雲韻賱褞蕴藴蘊稳穏穩㝧云揾搵桽
ben3B|22,𦯀輽笨獖㤓㨧㮥㺆䬱体倴坋坌夯撪桳渀
ben3A|33,鬢髌髕髩鬂鬓逩賓膑臏倴傧儐奔嫔嬪宾捹摈擯殡殯
ben1A|55,顮频餴霦頻鑌锛镔錛逩邠豩豳賁賓賔贲蠙虨缤繽瑸璸犇獱玢滨濒濱濵瀕㟗㯽㺍㻞䚔䧬䨈份傧儐奔宾彬攽斌栟梹椕槟檳汃泍浜
ben2A|35,禀稟䐔品榀
gwen3A|33,㙥𧥺謴睔睴㨰㫻㴫䎾䝍䵪呁棍
gwen1A|55,㚬𪊽𥳾𣇉𨧡𠣕麇麏麕龜龟鮶鲪頵钧鈞銁銞鍕軍覠蚐蜫袀裈裩褌莙筠皲皸皹琨㡓㱎䐊军君均姰婫抣昆桾汮
gwen2A|35,𥕦𨎊𨍽𠃌𦶧鮌鯀鲧輥辊衮袞裷蓘蔉绲緄磙滚滾㯻䃂䙛䜇丨惃掍
gwen3B|22,𨛦鵘郡珺棞
jung1B|21,㐯𩲭𦞳𥡲𪃾鰅鰫鱅鳙鷛颙駥髶顒鎔鏞镕镛鄘融螎褣蓉茙茸绒羢肜絨縙穁穃瑢熔牅狨溶滽瀜烿㝐㝘㟾㣑㭜㯴㲨㺎㼸䇀䇯䈶䗤䘬䠜䡆䡥䤊䧡䩸佣傛傭喁墉媶嫆容嵱庸慵戎搈搑曧榕榵槦毧
jung1A|55,㙲㜉𧷜鹟鶲饔雍雝鎓郺邕螉翁痈癕癰滃澭灉㢕㮬㴩㺋㻾㽫㿈䈵䗸䩺䱵嗈嗡噰壅廱
jung2B|13,𠋀𨺳勇軵茸硧㦷㲝䞻䢇傇傛勇勈塎彮悀愑愹氄
jung3B|22,𤰉苚砽用㞲㶲傛
jung2A|35,𤆤𤤌鯒鲬踊踴蛹蓊臃茸绒羢聬絨瞈用甬湧滃㨣㷁㷏䢆佣俑冗勜埇塕壅宂嵡嵱恿惥慂拥擁暡毧氄涌
dung1A|55,㐑㑈㚵𥮴𩂓鸫鼕鮗鯟鶇蝀菄笗㫡㲇䍶䰤䳉东倲冬咚埬娻岽崬昸東柊氡氭涷
dung3B|22,㓊駧霘迵衕胴絧硐湩㢥㷲䞒侗働动動垌姛峒峝恫恸慟憅戙挏栋棟洞
dung2A|35,㖦𢤦𣿅踵諌董蕫苳箽㤏㨂㯵䂢䵔冻凍墥嬞懂戙歱洞
dung3A|33,蝀腖胨湩㼯冻凍崠栋棟涷
cung1A|55,㓍㜡𤧚𠁨𦿞𡟟騘驄骢鏓鏦鍯蟌衝衷葱蓯蔥艟苁茐茺罿翀聡聦聪聰繱篵瞛珫瑽璁焧熜漗㤝㥖㧿㳘㳞㴢㻜䂌䆔䆹䈡䐋䐫䓗䗓䘪䝑䟲䡯䡴䢨充冲匆匇嘃囪囱埇徸忡忩怱悤憃憧摐暰枞樅沖浺涌
cung1B|21,㗰𦦵𢹸𡨭𩃭隀重賨賩誴蝩蟲褈藂虫种琮瑽爜爞漎潀灇烔㞞㮤㼻䌬䕺䖝䳯䳷丛从叢婃孮庺従徖從悰慒松枀枩柗梥樷欉淙
cung2B|13,𤭮重緟
cung2A|35,𠖥蟲虫冢埫塚宠寵松
cung3A|33,铳銃謥衝㧤㮔冲揰
zung3B|22,㑖颂頌重诵訟誦讼蚛衶茽祌筗㣡䛦䱰仲媑昮
zung1A|55,㕬㙡㚇𥟡𩅞𦬕𣽁鼨𠊞𨨩鬷鯮鯼鴤鶎騌騣骔鬃鬉鐘鑁钟锺鈡銿鍐鍾蹖蹤蹱迚豵踨踪蝬螤螽衳衷葼蔠腙舂舯纵终综翪籦終綜緃緵縱繌稯盅磫熧狆猣潈潨炂㣭㥙㨑㫪㯶㹣䁓䇗䈦䈺䍟䎫䑸䗥䘴䙂䝋䝦䡮䦿中从伀倧刣堫夂妐宗嵏嵕嵸幒彸從忠忪惾憃摏朡枞棕椶樅汷泈淙
zung2A|35,㘒𧄉踵蓗腫肿粽糉総緫縂總种種穜瘇煄熜燪㢔㣫㷓㹅䙕䰌偬傯喠尰总惣愡憁捴揔搃摠歱
zung3A|33,錝諥衆纵综粽糉糭綜縦縱种種穜眾碂疭瘲猔㲴䝋中从众倊偅堹妕從
gung1A|55,㒶㓚㓛龏龔龚𢣁魟髸躬躳蚣芎糼紅红篢碽玒玜㣉㫒䂵䢼䣏䰸䲲䳍供公共功匑塨宫宮工巭幊弓弖恭愩慐攻杛
gung3B|22,㓋䳍共
gung3A|33,㔶𨫋貢贛贡赣熕㯯䇨䔈供唝嗊槓
gung2A|35,鞏輁蛬珙㤨㧬㭟㺬㼦䂬䡗䱋共巩廾拱拲栱
gung1B|21,公
sung1B|21,㓽𩻃鰫鱅鳙㞞㹐嫞崇崈
sung1A|55,㕠𥯆鬆雙蜙菘硹濍㞱㟣㣝䉥䯳䯷从倯凇双娀崧嵩從忪憽松枀檧淞
sung3A|33,餸鎹送㮸䢠宋
sung2A|35,駷耸聳竦漎㧐㨦㩳傱嵷怂悚愯慫棇楤樬
tung1B|21,㖯㖰𦨴𦒍𥖹鮦鲖餇铜酮鉖鉵銅赨詷衕膧艟茼罿粡秱穜童筒筩眮瞳砼燑爞犝狪獞潼烔㠉㠽㤻㸗㼧㼿䂈䆚䮵䳋䴀䶱仝佟侗僮勭同哃垌峂峒峝庝彤挏晍曈朣桐橦氃洞浵
tung2A|35,㛚𧚔统統綂童筒筩㣚㪌侗捅桶
tung1A|55,通蓪筒痌熥炵嗵囲恫樋
tung3A|33,疼痛
mung3B|22,㙹雺霥霿甮㝱䠢䥂夢夣梦
mung1B|21,𣋡𡣘鸏鹲饛雺霿靀鄸蒙艨罞瞢矇矒礞獴溕濛㝱㠓㩚䀄䑃䙦䙩䝉䟥䤓䰒䴌䴿䵆儚冡夢尨幪懜懞懵曚朦梦檬氋
mung2B|13,蠓䏵䲛懜懵
mung1A|55,蒙瞢矇曚檬
mung2A|35,蒙幪懜懵
nung1B|21,𡢿𧁓𤂑醲農辳襛譨蕽膿脓禯秾穠濃㺜䙶䢉侬儂农哝噥憹檂欁浓
nung3B|22,齈衖癑弄
nung2B|13,繷䵜
nung1A|55,燶㶶
lung3B|22,㑝㛞齈鞐贚衖裃癑㟖㢅㳥㺯哢垰弄徿挊挵桛梇
lung1B|21,㔫㚅𤜆𢅛𡢿𧁓𠾐鸗龍龒龙𤂑驡隆霳靇鏧鑨醲躘農辳豅襛襱譨蠪蠬蕽蘢膿茏聋聾胧脓籠礱礲禯秾穠窿竜笼篭眬矓砻瓏癃爖珑湰滝漋濃瀧㝫㡣㦕㰍㺜䃧䆍䏊䙶䢉䥢䪊侬儂农咙哝噥嚨屸嶐巃巄憹昽曨朧栊槞檂櫳欁泷浓
lung2B|13,㙙龓陇隴襱籠繷笼篢㴳䡁䵜儱垄垅壟壠拢攏槓
lung2A|35,龍龙聋聾籠笼拢攏
lung1A|55,窿竉燶㶶
hung1A|55,㐫㓙㕳㕼𩐠鵼躻谾訩詾讻芎胷胸空竃箜硿焢烘㲁䅝䆪倥兇凶匂匈叿吽哄哅埪崆忷恟悾汹洶涳
hung3A|33,㑋𦁈齅鬨鞚閧闀闂銾訌讧空焪熍澒烘㸜䛪䠻哄嗅控汞
hung1B|21,㖓㗢𪃡𤄏𨩅鸿黉黌魟鴻雄霟鉷谼葒葓蕻虹荭羾粠紅红篊硔熊潂灴烘㳟㷱䃔䉺䞑䧆䧺䪦䫹䲨仜垬妅娂洚洪渱
hung2A|35,𣏺紅红㤟㬴䀧倥唝嗊孔恐晎
hung3B|22,鬨閧訌讧蕻澒㶹䜤哄
kung1B|21,銎邛跫蛩蛬藭舼芎穷穹窮竆笻筇㧭㮪䅃䊄䓖匔卭宆桏
fung1A|55,㐽㒥㕫㛔㜂𩆨𧧽𩥪𠘰𣺿𣗏𢞁麷風飌风霻靊鎽鏠锋闏鄷酆鋒豐蜂蠭葑蘴篈盽砜碸琒疯瘋犎猦灃烽㠦㶻㷨㷭㸼䀱䒠䗦䗬䧏䵄丰仹偑僼凨凬凮夆妦寷封峯峰崶枫桻楓檒沣沨渢
fung3B|22,𤪧𠏵𢔓鳯鳳鴌賵赗葑缝縫甮湗㡝䆇俸凤奉
fung1B|21,𩅛馮逢蓬艂缝綘縫溄漨㦀㵯㻱䏎䙜䩼冯堸捀摓沨浲渢
fung2A|35,鳳覂缝縫䟪俸凤唝唪嗊奉淎
fung3A|33,風飌风賵赗諷讽焨煈
ngung2A|35,𡃵𢫨㧬
ngung1A|55,𡃵壅
ngung3A|33,齆蕹罋瓮甕䐥䔨
pung1B|21,鬔髼韸韼鑝逢蓬蘕芃莑纄竼篷熢䡫䮾䴶樥
pung3A|33,踫碰掽椪
pung1A|55,㠮埲塳
pung2A|35,捧
bung3B|22,𩗴㷯䭰埄埲塜塳槰
bung2A|35,鞛菶琣琫甭玤䋽䩬䳞唪捧
bung3A|33,甭
jiu2B|13,㑱鷕騕隢遶蓔舀绕繞溔㟱㵿㹓䁘䯚偠崾扰抭擾榚
jiu1B|21,㑸㑾𦾾𤩊𥪯𧥧鹞鰩鱙鳐鷂顤颻飖餆饒饶陶鎐铫銚軺轺遙遥谣襓謠謡蛲蟯蕘蘨荛繇窑窕窯窰磘珧瑤瑶猺烑㨱㹛䆙䔄䖴䚺䚻䠛䢣䬙侥傜僥嗂垚堯姚娆媱嬈尧尭峣嶢嶤徭愮揺搖摇摿暚桡榣橈洮
jiu1A|55,㕭㙘𨘋吆鴁邀要訞葽腰祅䌁䙅䳩么吆喓嚰夭妖幺徼枖楆
jiu3A|33,㛉𨪁要穾窔熎㝔宎幼
jiu3B|22,鹞鼼鷂鷕覞讑艞耀筄矅燿㞁㿢曜
jiu2A|35,鹞鴢鷂闄遶舀苭绕繞祅穾窅窈窔眑瑤㝔㫏㫐㴭䁏䆗䆞䴠仸偠夭妖娆婹嬈宎岆扰搖擾杳柼殀
diu1A|55,㓮㚋𠲍鼦鮉鯛鲷鵈鵰雕铥銩錭貂蛁虭簓瞗碉琱㹦䂏䘟䳂丟丢凋刁刟叼奝弴彫殦汈
diu2A|35,𨳒鸟鳥调調吊屌
diu3B|22,𦱿雿鑃铫銚调踔調蓧藋莜竨㪕䂽掉
diu3A|33,𢬢𣑐魡钓铞釣鈟銱訋誂藋窎窵盄瘹䔙伄吊弔
diu1B|21,吊
ciu1A|55,𣸬𢁾鐰钊锹釗鍫鍬超缲繰炤㡑㯧䫿䵲巶幧弨怊昭欩
ciu2A|35,麨釥眧偢巐悄愀
ciu1B|21,鼂鼌顦谯譙菬蕉藮睄瞧癄燋牊潮䩌劁嫶嶕嶣憔晁朝樵櫵
ciu3A|33,陗鞘鞩韒诮谯誚譙肖琑㴥䇌俏僺削峭帩悄
ciu2B|13,悄
ziu3B|22,㐒𧵓𡁻诏赵趙詔肁皭狣㡽㬭召噍嚼垗摷
ziu2A|35,𧂈𤂋璅煍湫漅㩰䈃䜈剿劋勦樔沼
ziu1A|55,鷦鹪鼂鼌駋鐎鉊鍣蟭蕉膲茮礁焦燋炤㲬㸈䌭䶰僬噍妱嫶招昭朝椒
ziu3A|33,醮釂诏趭詔皭瞾照燞燳爝潐灂炤㬭㷖䂃䧂僬嘦噍嚼曌
giu1A|55,鷮鴵驕骄蟂簥穚澆㤭䮦儌娇嬌徼憍憿浇
giu2A|35,鱎蹻轎轿譑蟜臫缴糺糾繳纠皦矫矯璬皎䘨䚩䥞儌孂徼挢撟敫敽敿暞曒
giu3B|22,轎轿㠐峤嶠撬
giu3A|33,訆譥獥㟕㰾叫呌嘂噭嬓徼敫
siu3A|33,㔅㗛笑熽䊥咲啸嘨嘯少歗
siu2A|35,㕾謏笑筱筿篠䒕䒚小少毟
siu3B|22,𦹄𦘦鮡邵袑绍罀肇肈紹綤筱筿篠䍮䙼䬰佋兆劭卲召旐
siu1A|55,𤑳𤄙魈霄销銷逍踃蛸蟏蟰蠨萧萷蕭绡翛肖簘簫綃箫箾硝痟焼燒潇瀟烧焇㩋㲖㲵㴅㶮䌃䔥䨭䴛宵彇揱撨橚櫹消
siu1B|21,韶迢芀苕玿㲈㸛柖
tiu2B|13,㒛誂窕窱㸠嬥挑朓条條
tiu1B|21,齠龆鯈鰷鲦髫鞗鎥铫銚鋚迢调趒跳調蜩螩萔蓚蓨芀苕祒笤㟘䒒䖺䩦䱔佻嬥岧岹怊条條樤
tiu3A|33,頫鋽跳覜粜糶絩眺䟭佻朓
tiu2A|35,跳脁䄪宨扚晀条條
tiu1A|55,誂蓨聎祧㬸䠷佻庣恌挑旫朓
miu3B|22,𦯷缪繆竗玅妙庙庿廟
miu2A|35,𠴕藐秒庙庿廟
miu2B|13,𥥆邈訬藐缈緲秒窈篎眇杪杳淼渺
miu1B|21,𣈴鹋鶓苖苗緢瞄䁧䖢描
miu1A|55,喵
niu2B|13,㒟㜵𡡅鸟鳥袅裊褭蔦茑穒㠡㭤䃵䉆䙚䦊䮍䲷嫋嬝嬲樢
niu3B|22,脲溺㞙㳮尿
niu1A|55,㭂嫋
niu2A|35,尿
liu2B|13,㒟㜵𡡅鸟鳥钌镽鄝釕袅裊褭蓼蔦茑穒瞭爒潦㠡㭤㶫䃵䄦䉆䑠䙚䦊䩍䮍䲷了嫋嬝嬲憭樢
liu1B|21,㙩鷯鹩𠐟飂飉髎鐐镣蹽轑辽遛遼豂蟟藔膋膫缭翏聊簝繚竂瞭璙疗療燎爎獠漻潦㝋㞠㵳㺐䒿䜍䜮䨅䭜僚嘹嫽寥寮尞屪嵺嶚嶛廫憀憭撩敹暸曢橑
liu3B|22,𦆲钌釕脲翏窷燎溺炓㞙㡻㳮䉼䎆䢧尥尦尿廖料
liu1A|55,𠮩鷯鹩蹽缭繚熘溜㭂六嫋撂撩
liu2A|35,潦了寮尿料
hiu1A|55,㕺㚠𡏭𢿣鸮鴞鷍驍骁郻鄡鄥蹺蹻趬跷譊藃虈膮繑穘獟獢澆㪣㺧㿁䎄䖀䢪䫞侥僥儌呺哓嘄嘵嚣嚻囂墽嵪徺徼憢枭枵梟橇歊毊浇
hiu2A|35,𣇈髜皢䥵晓暁曉
hiu3A|33,髚窍竅㢗撬
hiu1B|21,燆
kiu3A|33,㚁躈翘翹窍竅䆻噭撽
kiu1B|21,𧄍𤩝𣾷鞒鞽鐈趫蕎荍荞翘翹硚礄犞㝯㳢䀉䎗䱁乔侨僑喬嘺峤嶠桥槗橋
kiu2B|13,蹺蹻跷藠繑皛勪
kiu1A|55,蹺蹻跷
kiu2A|35,蹺蹻轎轿跷藠窍竅矫矯巧桥橋
fiu3A|33,覅
piu1A|55,𤅜魒飃飄飘螵薸缥翲縹票犥漂䕯䬌僄嘌嫖彯摽旚
piu3A|33,𤨧驃骠票篻漂㬓䏇僄剽勡嘌嫖徱慓
piu2B|13,鰾鳔顠莩缥縹皫瞟㹾剽慓摽殍
piu1B|21,闝薸瓢㼼䴩剽嫖慓朴淲
piu2A|35,醥薸票皫㵱
biu1A|55,麃颩颮颷飆飇飈飊飑飙飚驃驫骉骠髟鏢鑣镖镳錶贆謤表蔈藨膘臕票穮磦瘭熛爂猋滮瀌灬䁃䁭䅺䙳䮶䮽儦墂幖彪摽杓标標
biu2A|35,諘表裱褾脿㟽㠒㧼㯹䔸䱪俵婊檦
biu3B|22,㶾
biu3A|33,䞄嫑
jo1A|55,育哟唷喲
do2A|35,㙐鬌躱躲軃趓跢跥跺缍綞㥩㻔䑮䒳䙤䠤䤪䫂䯬亸凩刴剁哚嚲垛垜埵奲挅挆朵朶椯
do3A|33,㛆㛊埵尮桗
do1A|55,𤥀哆多夛崜
do3B|22,馱驮鬌陊陏隋㻧䅜䙃䤻䩔䭾䲊堕墮墯媠嶞惰憜
co1B|21,㐥㛀鹺鹾鶵雏雛锄鄼酂酇醝鉏鋤豠蒫蔖虘耡睉矬痤瘥㭫㽨㿷䅳䑘䠡䣜䰈䴾媰
co1A|55,㗙𢶷鶵雏雛蹉遳蒭芻莏磋瑳犓䥚傞刍初嵯嵳搓
co2A|35,𨭣𠪴齭齼锉銼脞础礎璴濋䂳䙘䠂憷椘楚檚
co3A|33,𡢟锉错銼錯蓌莝䜴䟶䥘侳儊剉剒挫棤
co2B|13,坐
zo3B|22,㘴蓙䝒侳助唑坐座
zo2A|35,𣳇𠂇阻詛诅爼㝾俎咗唨左座
zo3A|33,詛诅袏㟇䐍䐢佐夎
go3B|22,㗻
go3A|33,𩼣过過箇㳀个個咊和
go1A|55,𡟵𩾷𠯫鴚鎶鈛过過謌菏薖簻瘑牁牫滒㢦㤎㽿㿆䔅仡呙咼哥哿彁戈戨旮歌涡渦
go2A|35,餜馃鐹锞錁輠过過蜾裹褁菓舸粿綶笴猓䙨䴹个個哿嗰惈果楇淉
go1B|21,哥
so1A|55,㛖𩯕鮻髿趖踈蓑蔬莎羧簑簔綀睃疋疎疏㧧㽰䓾䔋䔫䟽䤬䯯些唆嗦娑挱挲桫梭梳
so2A|35,鎈鎖鎻鏁锁褨盨琐瑣璅溑㪽䈗䝪䣔䵀乺傻唢嗩惢所暛
so3A|33,逤疏㫹䐝䞆些
so1B|21,傻儍
to1B|21,鸵鼉鼍鼧鮀鱓鴕馱駄駝駞騨驒驮驼阤陀陁铊酡鉈迱跎訑詑袉舵紽砣砤碢狏㼠㾃䍫䑨䡐䪑䭾䰿佗坨堶岮柁柂沱沲
to2A|35,鰖鵎駝驼陀铊鉈㟎
to2B|13,陊㯐㰐妥媠嫷彵柁柂椭楕橢
to1A|55,迆迤牠䜏䴱佗咃它扡拕拖涶
to3A|33,唾娺
mo1A|55,𠘚麼麽魔么仫嚒嚤尛庅摩擵末
mo1B|21,𣟖饃饝馍髍藦蘑磨無䃺䭩䯢劘无
mo3B|22,耱礳磨䃺塺
mo2A|35,磨摸
mo2B|13,䩋懡
no3B|22,㐡糥糯稬穤㤖喏愞懦懧
no1B|21,㔮㛂难難那㰙傩儺娜挪挼捼撋
no2B|13,𦶦雫㡅娜橠
no1A|55,那
no2A|35,糯
lo3B|22,㐡𧟌糥糯纙稬穤漯㞅㤖㱻㿚䇔䉓䌱䌴喏愞懦懧摞
lo1B|21,㑩㔮㛂𡤢鸁饠騾驘骡难難鏍鑼锣镙逻邏那覶覼螺蠃萝蘿脶腡罗羅籮箩猡玀㰙㼈㽋䊨傩儸儺啰囉娜挪挼捼撋椤欏
lo2A|35,㒩鑼锣躶螺蠃裸蓏臝罗羅籮糯箩砢瘰癳㩡倮攞曪
lo1A|55,𦣇那罗羅籮箩咯啰囉囖攞旯
lo3A|33,𤓓咯啰囉摞
lo2B|13,𦶦雫㡅㦬㰁剆娜橠
ho2A|35,㐓閜軻轲舸荷炣㞹㪃㪼何可呵哿嗬坷岢河
ho1A|55,㗿訶诃苛㰤㱒呵嚄嚯坷抲
ho1B|21,魺鲄蚵菏荷何合哬嗬河渮
ho3B|22,賀贺袔荷碋㵑何
ho3A|33,艐
ko1A|55,𠹭钶鈳
fo2A|35,㚌颗顆钬鈥邩煷火㪙伙堁夥敤棵
fo3A|33,騍骒锞錁课貨货課㾧堁沎
fo1A|55,髁蝌萪科稞窠犐㸯㸰㸱䈖䌀嵙棵
ngo1B|21,㘥𡟶𠹷𦶥鹅魤鵝鵞锇鈋鋨迗訛誐譌讹蛾莪睋硪珴皒䄉䕏䖸䳗䳘俄吪哦囮娥峨峩枙涐
ngo3B|22,𢛶餓饿臥卧哦
ngo2B|13,𢦓騀砈㦱㦳㧴䞲我
ngo2A|35,鹅鵝哦喔嚄妸娿婀婐
ngo1A|55,阿锕錒軻轲砢疴痾牁牱珂㺢䋍䋪匼喔噢妸娿婀婐屙柯
po3A|33,㗞破
po1B|21,㜑鄱蔢緐繁皤番㨇嘙婆櫇
po2A|35,颇駊頗钷鉕笸叵婆尀
po1A|55,颇陂頗坡婆岥朴棵樖
wo1B|21,㕿龢鉌訸萂禾盉澕㴕䒩咊和啝姀惒柇
wo2B|13,㖞𢰸𡁜喎
wo3A|33,㖞啝喎涴
wo3B|22,㘞訸祸禍䄀俰咊和旤
wo1A|55,𡢠锅鍋踒蜗蝸萵薶莴窝窠窩煱猧濄㳡㶽㹻䆧䆼䰀倭和唩埚堝娲媧挝撾涡涹渦
wo2A|35,禾䂺䰀倭婐婑捰
bo1A|55,𨨏菠般簸紴碆磻玻溊䝛啵坡嶓波
bo3A|33,𡃓鄱譒簸啵噃抪播
bo2A|35,跛簸㝿
gwo3A|33,𩼣过過㳀咊和
gwo1A|55,𩾷𠯫鈛过過薖簻瘑㽿㿆呙咼戈涡渦
gwo2A|35,餜馃鐹锞錁輠过過蜾裹褁菓粿綶猓䙨䴹惈果楇淉
deng1A|55,㔁鼟鐙镫蹬豋覴艠簦竳瞪璒登燈灯㲪㽅䔲䗳䙞䳾噔嬁
deng3A|33,隥鐙镫磴䠬凳墱嶝橙櫈
deng3B|22,鄧蹬邓瞪澄䮴噔戥
deng2A|35,等䒭䓁凳戥
ceng1A|55,㓌靗竀噌
ceng1B|21,驓鄫竲碀㬝㲂䁬䉕增层層嶒曾
ceng3A|33,锃鋥
zeng2A|35,𤺧𢛵糽㽪䒏
zeng1A|55,鬙鱛鬇铮錚诤諍譄缯罾綪繒筝箏睁睜矰磳琤璔熷爭狰猙䆸䋫䍵䎖䱢丁争僧噌埩増增峥崝崢嶒憎挣掙曽曾橧
zeng3A|33,诤諍爭䙢䦛䦶争
zeng3B|22,贈赠缯繒甑䰝囎
kweng1A|55,㚚錓
geng1A|55,㗮𡙡𢉼鹒鶊賡赓菮羮羹耕粳絙絚緪縆秔稉畊焿㪅㹴㹹䢚刯庚揯搄更椩浭
geng2A|35,𣆳鯁鲠颎骾郠莄绠耿絙絚綆緪縆熲㮓㾘䋁䌄䱍䱎䱭䱴亘亙哽埂堩峺恆恒梗
geng3A|33,更
seng1A|55,𪊟鼪𡲥鉎苼笙生甥牲狌珄湦㽒䲼䴤僧栍殅泩
seng3A|33,蹭貹㨘擤
teng1B|21,𧬸𥸎鰧駦騰驣邆誊謄螣藤虅腾籐籘縢疼痋滕漛㬺䒅䕨䠮䲍䲢儯幐
teng1A|55,鼟膯
teng3A|33,霯
meng1B|21,㒼𠵼𡌺鯍蝱萌蕄盟甍甿䈍䉚䑅䒐䥰橗氓
meng3B|22,㜴顭
meng2A|35,𢛴𤷪绷綳繃忟
meng1A|55,𠵼䫤掹擝
meng3A|33,㟿掹
neng3A|33,𠹌褦
neng1B|21,而能㴰䏻坉
leng1A|55,㘄𠹌
leng3A|33,𠹌褦
leng1B|21,而能㴰䏻坉
leng3B|22,䮚
heng1A|55,㐔𩣪𨧤鏗铿銵鍞誙茎莖脝硁硜硻牼㧶㰢䃘䡠䡩䡰亨亯吭哼啈悙挳摼涥
heng1B|21,㔰𢖍𠒣𧗽𧗾鸻鴴鵆行衡裄蘅胻筕珩烆䪫䯒䰢哘垳姮恆恒拫桁楻洐
heng3B|22,𢔛𡜺行荇莕緈㼬䓷䛭倖堼婞幸悻杏涬
heng2A|35,齦龈錹行肎肯肻啃恒
heng2B|13,悻
keng3A|33,𠼰裉褃掯
keng2A|35,鯁鲠骾
feng3B|22,捹
feng1B|21,揈
ngeng1A|55,鷪鸎鸴鴬鶑鶯鞥蠳褮莺罃䓨䴍
ngeng3A|33,䙬
ngeng2A|35,哽
peng1B|21,𨂃𠙖馮鬅萠硼焩㥊㱶㵗㻚倗傰冯凭凴堋弸慿憑朋淜
peng2A|35,皏剻朋
peng3A|33,㼞
weng2A|35,㘢㴄㹙㹚奣
weng1B|21,㙆𨌆𥿢𢏐霐鞃閎闳鈜鋐谹苰翃翝耾紘紭綋纮竑竤硡㢬䆖䡌䡏䨎䩑䫺吰宏宖弘彋汯泓浤
weng3B|22,澋撔
beng2A|35,㑟誁
beng1A|55,㙃鏰镚蹦绷絣綳繃祊痭䑫䔊䙀䙖䨜嗙嘣堋塴奟崩嵭捠
beng3B|22,靐䨻凭凴堋塴憑
gweng1A|55,𠃋鍧軣輷轟轰觥觵訇謍薨肱硡䍔䎕䐵䧀厷嚝揈渹
gweng2A|35,𡆀
jit4B|2,㜸𤾚齧钀闑蠥蠮蘖臬臲糱糵熱热㮆㴪䡾啮嚙囓孼孽嵲嶭巕帠抴拽摰枿槷櫱
jit4Ab|3,黦谒謁蠮䊦䥟䭇咽噎
dit4B|2,𤔅镻軼轶迭豑豒趃跮詄螲袟袠臷苵绖翐耊耋紩絰秩眣眰瓞㦅㦶㲳䏲䳀佚咥垤墆峌嵽帙恎戜攧昳柣
dit4Ab|3,跌胅䫕
dit4Aa|5,啲
cit4Ab|3,㗫屮轍辙趄設设蔎苆聅聺瞮爡漆澈㬚䒆䚢䟙切勶屮彻徹懘掣撤沏
zit4Aa|5,㘉𢩦𡁶瀄唧喞擳
zit4Ab|3,輒輙辄蛰蜇蟄蠽节莭節砓硩疌疖癤瀄㦢㨗㪿㫼㮞㵶㸅㸞䇽䈟䏳䑖䓆䖳䗻䘁䰏䲙倢偼兯卩卪哲啠喆嚞埑婕媫尐岊嶻巀幯悊扻折捷晢晣栉楖楶櫛歽浙淛
zit4B|2,踕誱蠘蠞蓵箑睫㨗㨩㯙䕙䟌䶡倢唼啑寁截捷掶擮
git4Ab|3,㓗㛃𤩦𠎧魝鮚鲒颉頡鍻袺结結絜磍潔㪴㮖㮮䅥䥛佶圿忦扴拮撷擷桔洁
git4B|2,㘶𦵴𠹳𤌴𠎀滐偈傑嵥搩杰桀桝楬榤櫭
sit4Ab|3,㔎𥜽齛齥靾躞躠辥辪褻薛舌绁糏紲絏絬緤禼窃竊疶燮爕㞕㡜㣯㨝㳿㴮㴽㸉㻡䊝亵伳偰僁卨夑契媟屑屟屧揲揳暬楔榍槷泄洩渫
sit4B|2,𧵳蛥蝕蚀舌䞌
tit4Ab|3,鴩飻餮驖鐡鐵铁鉄銕蛈䥫僣
mit4B|2,㒝㓕𩴾鱴鴓鑖蠛衊蔑薎粖篾眜滅灭烕㩢䁾䈼䌩䘊䡸䩏幭懱櫗
mit4Aa|5,搣
nit4B|2,㖏㘿𣵀陧隉篞䂼圼
lit4B|2,㖏㘿𣵀𨑬𦶣鮤鴷颲陧隉轣迣迾趔蛚裂茢綟篞睙煭烈烮㤠䂼䅀䋑䮋䴕冽列劽咧圼姴峢戾挒捩棙洌
lit4Ab|3,𤹐裂结缬結纈
hit4Ab|3,蝎蠍缬纈猲烲焎娎歇
kit4Ab|3,㐖㓞㓤㓶㔛𡐤黠𤂌𥜝颉鞊頡鐑锲鍥迼遏诘谒襭訐詰謁讦蛣蛪蝎蝢蠍褉葜藒缬羯翓緳纈竭硈碣礍㩪㼤䂒䕵䙽䤿䦖䩤䩧劼奊契孑嵑挈掲揭撷擷朅栔楬洯渴
fit4Aa|5,𢝵𢞵
ngit4B|2,齧䥹啮噛嚙囓
pit4Ab|3,鐅覕瞥潎㧙䋢䥕丿嫳徶撆撇暼氕
bit4Ab|3,㔡鷩鼈龞鱉鳖蟞虌㢼䌘䘷䳤別别彆徶憋
bit4B|2,𡋾飶馝蹩襒蛂苾莂瘪癟㿜䇷䏟䠥䭱別别咇
bit4Aa|5,鮅飶駜驆铋鉍觱珌㻫佖咇必怭
gwit4Aa|5,𠵯
jei3B|22,㑜㖂㛳𤤙𠂆𦏸靾跇跩詍绁紲絏玴㵩㹭䄁䄿䇩䎈䕍䛖勚勩呭怈抴拽捙曳曵枍枻栧泄洩
jei2B|13,𠯋孬曳
dei1A|55,㓳鞮趆袛羝磾㫝䃅䍕䐎䧑仾低奃底彽氐
dei3A|33,𥰆𧬺达迏迖谛諦蝃螮蒂蔕腣缔締祶禘碲疐䁀䑭䗖䟡䩘䩚偙僀嚔墆媂帝怟慸揥摕梊渧
dei3B|22,𩻸𡝯𨹥隶隷隸釱鉪蹏軑轪递逓逮遞遰踶蹄苐第睇珶焍㣇俤埭娣嵽弚弟悌戻杕枤棣
dei2A|35,鯳骶阺軧邸诋觝詆菧聜第砥牴㪆㭽䂡䏄䢑䣌呧坻底弟弤抵拞掋柢氐
dei1B|21,弟
cei1B|21,𣋠𪗆麡齊齎齐鱭鲚釮賫賷赍蛴蠐薺艩荠緕纃䶒亝懠斉斊
cei2A|35,齊齐皉
cei1A|55,齌鶈霋郪迉褄萋紪緀凄妻悽捿搊栖棲淒
cei2B|13,鮆鱭鲚萕薺荠
cei3A|33,銐矵砌磜痸㥉䀙䀸䀿䏅䟷䠠傺切妻憏摖沏
zei3A|33,𠶜鯯鰶际際霁霽裚製薺荠祭穄穧磜瘈瘛狾猘漈濟㝂㴉䄞䇽䎺䨖䩢䭁䱥䶓制剬憏掣晢晣暩泲济済
zei3B|22,齊齌齐蹛踅穧璾滞滯㸄㿃䇧䐭䶩哜嚌彘
zei1A|55,齌齎齏齑鮆隮韲鑇躋賫賷赍跻蟕虀㨈䂑䜞䝴䠁䪟䪠䪡䪢䪣䮺剂剤劑挤擠櫅
zei2A|35,濟䍤仔囝崽泲济
zei1B|21,仔
kwei1B|21,㔒㙓㙺𡖂𧃍䕫𧤤𣋒𤩸𣿮𩓚𪆴𡋣𢹂馗騤驨骙隗頄頯鑴鄈酅鍨躨逵觹觽觿讗蠵葵蘷虁眭睽畦犪㩗㩦㽯䀘䕫䙵䟸䤆䥴䧶䳫喹夔奊戣揆携擕攜暌
kwei1A|55,鬶鬹雟闚規规蝰藈蘬虧聧窥窺盔瞡䂓䖯䯓䲅䶯亏奎嫢岿嶲巂巋悝摫晆椝槻槼
kwei3A|33,騩觖䯣䰎媿尯愧
kwei2A|35,頍蹞跬葵煃䞨䠑
kwei2B|13,謉㟡媿愧揆楑
gei1A|55,㚻㛷鸡鳮鶏鷄雞笄筓㮷嗘枅
gei3A|33,髻計訐计讦葪蓟薊蘮结继罽系紒結継繫繼筀瘈瘛瀱炔㡭㲅㾵䦇峜彐彑檵
gei2A|35,髻計计偈
gei3B|22,偈揭
sei1A|55,㓾𦚵𠧧𨬯𦎾西舾茜簛籭粞筛篩硒犀㢴㯕㾷䇴䧈卥嘶屖徆恓栖棲樨氥
sei3A|33,㔟㔺𦭓𡎎貰贳细聓聟細笹㭡世丗势勢卋埶壻婿朑
sei2A|35,駛驶细細世使婿洒洗
sei3B|22,銴逝遰遾觢誓簭筮澨㭀㸷䤱噬忕
tei1A|55,㔸鷈鷉锑銻䖙䴘梯
tei1B|21,㖒𧡰鹈鮧鮷鯷鳀鴺鵜鶗鶙鷤题騠隄題醍鍗蹏遆趧踶蹄謕蝭褆蕛苐荑绨缇罤綈緹禔禵稊碮瑅漽㡗㣢䅠䔶䚣䛱䨑䬫䬾䱱偍厗啼嗁堤媞崹徲惿提
tei3A|33,㗣髢髰鬀鬄裼褅薙绨缔綈締㬱㯩䎮䙗䶍䶑剃剔嚏屉屜揥替楴殢洟涕
tei2B|13,𡠨㼵䑯娣媞弟悌
tei2A|35,题骵體題醍躰軆蹄睇䌡䪆体挮
mei2B|13,㐘銤蛘蔝羋脒米粎眫眯瞇䋛䱊咪弭敉洣渳
mei3B|22,㜆袂咪
mei1B|21,𣉢麛霾醚迷谜詸謎蒾眯瞇㝥㴹䛧䤍
mei2A|35,谜謎米
mei1A|55,米咪
nei2B|13,鉨䦵檷
nei3B|22,迡
nei1B|21,臡䘦䛏呢坭埿屔泥
nei2A|35,坭泥
lei3B|22,㑦㒧㘑𩧃𧢝𥗠𤫟𨰣𨯅𤪲麗鱱隶隸迡迣蛎蛠蜧蠇蠣茘荔粝糲綟禲盭矋砅砺礪珕瓥疠癘爄犡濿㡂㤡㼖㽝㾐㿛䅄䊪䕻䘈䚕䥿䬅䴡丽例俪儷励勵厉厲囇婯巁悷捩攦攭曞栃栛栵棙櫔欐淚
lei2A|35,𡅏𡂖㦒來嚟坭戾来泥
lei2B|13,𧬹鱧鳢醴鉨豊蟸蠡蠫礼禮澧䗍䦵剺劙攭檷欚
lei1B|21,𦺙𡃤麗黎黧邌蠡菞蔾藜臡盠犁犂㠟㰀㴝䄵䉫䔣䘦䛏䣓䵩丽來呢嚟坭埿屔廲来泥
hei3A|33,㚛㰥
hei1B|21,㜎鼷騱郋蹊豀豯貕螇蒵䫣傒兮奚嵇徯榽
hei2B|13,𥉐謑匸奊
hei1A|55,閪
hei3B|22,蘻系縘繋繫禊稧盻䐼䜁係傒慀檕
hei2A|35,系係喺
kei2A|35,㒅𣘼闙諬綮稽㬖䏿䡔䭫䭬启呇唘啓啔啟晵棨
kei1A|55,㕃鸂鑙蹊谿豀稽磎溪㠌㶉䆌䳶嵆嵇嵠渓
kei3A|33,𧡘蟿罊碶瘈瘛䁈䁉䚉䫔契愒揭栔
fei3B|22,㔗鼣萉疿痱䀟䆏䨾吠
fei1A|55,𦑩𤪖𦆮麾𡽪𧃸鰴隓隳輝辉袆褘蘳翚翬禈珲琿煇瀈灳㧑㩣㫎㹆䘗䜐噅噕堕墮墯婎媈幑徽挥揮撝晖暉楎
fei3A|33,髴靅鐨镄費费芾肺胇砩疿痱癈狒濷㵒㾱䉬䑔䕠䚨䛍䠊䰁俷剕废廃廢怫昲曊杮櫠沸
fei2A|35,疿痱
ngei1B|21,㕒𤊓麑齯鯢鲵霓郳輗觬蜺犩猊㞮㠕㪒㫉䘽倪兒危婗峗峞嵬嶬巍桅棿洈淣
ngei1A|55,㙠𠼮𠱓
ngei3A|33,㙪𠫍阨阸隘豷蘙缢翳縊瞖瘱㝣㞒㡫㥷䋵䗟医哎嫕屃屓屭幆曀殹
ngei3B|22,㙯㜒𦐒𢏗𣫛𠎵魏鮨驇诣豙襼詣誽讛褹萟蓺藙藝蘶艺羿聣秇睨䆿䉨䝘䭳䱈伪倪偽僞兿呓囈埶堄寱栺槸毅
ngei2B|13,隗頠顗鈘轙蛾螘蟻蚁舣艤硊礒㠖䃬䉝䧧䰙厃掜晲檥
ngei2A|35,躷矮㢊桅
pei1A|55,㓟𠜱鎞鈚錍悂批
pei2B|13,睤睥䁹
pei3A|33,䡟
pei2A|35,䫌䰦
wei3B|22,㒞𦒄𨯚𡣺𨩋𣖜𤪳鏏鏸躗躛軎轊遗遺谓謂譓譿讆讏蝟蟪衛衞蔧蕙胃緭篲璏璤煟熭爲猬潓為㤬㥜㥣㦣㨹㩨㻰䎚䗽䘙䜜䡺䦄䧥䪋䬑为位僡儶卫喟媦寭彗彙彚恚恵惠慧憓懳槥橞渭
wei3A|33,㕀㜇𣻷𥳀𡜦鳚餧餵饖霨鐬螱褽蔚薈薉藯腃荟罻翙翽秽穢瞺硙碨磑畏熨犚獩濊㟪㬩㷉䂕䙆䮹䲁䵳叞哕喂嘒噦嚖墛嬒孈尉嵔嶎徻慧慰懀暳泋
wei2A|35,㕟骩骪骫逶诿諉譭蜼萎蒍蔿薳虫虺腲芔碨痿燬猥為㩓㷐䃣䍴䓕䛼䦱为位卉唯喂喟嘳壝委寪崣廆慧檓欳毀毁毇渨
wei2B|13,㖐㙔𥯤𨗨鷕颹隗韋韑韙韡韦韪踓諱讳葦芛苇緯纬瑋痏煒玮濻瀢炜㨊㬙㭏䈧䍷䪘䵋伟偉儰卉壝徫愇撱暐椲湋
wei1B|21,㗹𤔡𡺨鮠韋韦闈闱鄬醀鍏违違遗遺讉蓶维維琟爲爳潍潿濰為䑊䔺䙟䜅䝐䧦为唯喡囗围圍圩壝媁帏帷幃惟慧桅欈涠湋
wei1A|55,㙎𨩆鰃鰄鳂隇逶覣蜲蝛蟡萎葳縅煇㣦㮃䫋䴧倭喴委威媙崴揻楲
bei3B|22,㙄𡃇陛韛蜌薜粺稗狴獘獙㡀㢢㯇㰆䟤坒币幣幤弊敝斃梐毙
bei3A|33,𠻻鷩鐾閇閉闭鄨贔赑萆蔽箅䏶䨆埤奰
bei1A|55,鎞豍跛螕箥㝿㡙䚜
bei2A|35,㪏
gwei3A|33,㑧𡞳鯚鱖鱥鳜餽饋馈蹶貴贵蓕聭瞆瞶瑰痵癸猤溎炅炔㪈㳵㻑䁛䌆䝿䞈䣒䳏刿劌季嶡嶥悸撅昋桂
gwei2A|35,㔲㔳鬼陒軌轨诡觤詭蛫簋祪㧪㨳㲹㸵䃽䍯䣀䤥佹匦匭厬垝姽媿宄庋庪恑攱晷朹柜櫃氿汣湀
gwei1A|55,𣵾龜龟鮭鲑騩閨闺郌銈邽螝袿膭茥胿窪硅珪瑰璝瓌皈溈潙㰪㱕㻁䅅䆴䢜亀傀刲圭妫媯嬀帰廆归櫷歸沩洼
gwei3B|22,餽饋馈阓鞼鐀鑎闠跪蒉蕢簣籄篑炅䕚䠏䠩匮匱撌柜樻櫃
joei3B|22,㓹𨧨𥌑𥈠𠮏锐銳鋭蚋蜹裔蕊蕋蕤蘂芮睿甤㢻㣸㪫㲊㵝㶋㶙㽔䂱䄲䇤䓲叡壡枘橤汭
joei2B|13,蕊蕋蘂蘃繠擩橤
joei1B|21,蕤緌甤䅑䬐桵
doei1A|55,㕍鴭鐓镦磓痽㪟䂙䊚䜃䭔垖埻堆塠嵟敦
doei3B|22,㙂队陮隊鐓鐜镦錞譈譵薱綐濧瀩㟋㠚㦠㬣㳔䌼䨴䨺䬈䯟兌兑怼憝憞懟
doei2A|35,𦞙𢵌𢷮队隊頧㨃䇏对對
doei3A|33,𨮝轛襨膇碓㪟䨴兊兌兑嚉对対對敦
coei1B|21,㕑𡃴𥱥鬌除隋随隨顀鎚锤鉏錘遀蜍菙蒢蒣腄膗箠篨磪瓍滁㡡㪓㻟䍱䜔䢫䥦余俆凗厨墔幮廚徐慛捶搥桘棰椎槌槯橱櫉櫥涂
coei1A|55,㜠龡鏙貙趋趍趣趨蛆衰缞縗璀獕炊㸖㿐䈌䓚䙑䝙䶴伹催吹哸嗺坥崔嶉摧榱
coei3A|33,𣝦龡韢趣襊覰覷覻觑膬臎翆翠耝脃脆紣綷竁皠琗焠濢㝮㯔㳃䁦䃀䄟䕜䦟䦤䦷䴝伜倅刞吹啐啛啜娶橇毳淬
coei2A|35,鎚锤錘趡趣膪璀漼㪜㵏㷃䊫䦟䦷䧽取娶廚揣
zoei3B|22,㐨㘧鱮队隊鑆辠贅赘袓藇膇芧缀缒罪聚綴縋硾礈甀溆漵潊㜿㠑㠘㧳㵰㻽㾽䃍䋘䦽䫨叙坠垿埾墜屿嶼序怚怼懟敍敘汿沀
zoei1A|55,㖩㗓㚝𩺬龨魋鴡鵻騅骓隹雎锥酻錐追趄跙蛆菹葅苴罝脧纗砠疽狙㩾㫿㮅䏣䘒䢸䨨䪶䮔䱦䶆且娵岨朘椎樶沮
zoei3A|33,㙍餟酔醉醊錊足諈蕞缀絊綴祽稡穝笍畷㝡㰎䄌䘹冣娷惴晬最栬槜檇沮
zoei2A|35,齟龃𣲙鉏跙觜璻㭰䃊䶥咀嘴噿岨嶊嶵序沝沮
goei2A|35,㐦𡤒𦵑𦲂齲龋𣁄踽襷蝺萭蒟舉莒聥籧粔竬筥矩㩮㪯䄔䅓䢹䶚举偊句弆挙擧枸柜椇榉榘櫸欅
goei3B|22,𥳁𩗗鮔颶飓駏鐻钜醵鉅遽貗詎讵蚷衐虡苣耟簴粔秬窭窶犋澽炬烥㠪䣰䶙乬具勮埧壉姖寠岠巨巪怇惧愳懼昛歫
goei1A|55,𩤅𤉸鶋車车蜛裾腒艍眗琚㝒㞐䅕䝻俱凥婮居崌捄据椐涺
goei3A|33,锯鋸躆邭豦踞瞿澽㨿㩀䈮䛯䱟䵕倨勮句屦屨拠据據
soei2A|35,㑔㑯髓閖醑谁谞誰諝糈繐稰穗盨碎㝽㲑䅡䭉偦暊水氵氺湑
soei3A|33,㑕𡻕说說説蛻蜕裞膆粹繀祱稅税砕碎㞸㢷㥞㱁㱑㽷䅗䬽䭨亗嗉埣岁嵗帅帥帨挩捝歲歳涗涚
soei3B|22,㒸𨪂隧顇鐆鐩遂邃谇賥踤襚誶譢萃蔧脺膵粋粹絮繐繸祟禭穂穗穟篲睟睡瑞璲疩瘁焠煫燧澻㥨㱖㴚㸂䆊䆳䉌䍁䔹䠔䡵䥙䳠䵻啐墅嬘彗忰悴旞槥檅檖櫘淬
soei1A|55,𤟠𦷪须雖需鞖須鑐谞諝蝑衰葰蕦虽荽荾绥胥綏縃繻眭睢熣湑滖濉㥠㲤䇓䇕䈝䋶䒘䔀䕑䧌䪎䱬倠夊媭嬃尿嶿幁揟楈浽
soei2B|13,髄髓靃顇脺膵膸绪粹絮緒緖筡盨瘁瀡㵦㷂䯝墅嶲巂悴
soei1B|21,陲谁誰脽箠䍋倕厜圌垂埀檌
toei1B|21,魋颓隤頹頺頽蹪蘈穨㢈㢑㿉㿗䀃䅪僓尵
toei3A|33,駾退蛻蜕螁褪煺㥆㷟侻娧毤毻
toei2A|35,骽腿㞂㱣㾼俀
toei1A|55,萑蓷藬㞜推
noei2B|13,鮾鯘餒餧馁钕釹腇脮籹㼏䲎女娞
noei1B|21,钕釹蒘䋈女
noei3B|22,錗㨅㵖女
noei2A|35,女
loei1B|21,㒍㗊𨯔𦌵鼺鱩鷜騾驘驢驴骡雷靁鐳鑘钕镭閭闾釹轠蒘蔂蕾藘蘲虆膢缧罍羸累縲纍纝璷瓃畾爈㠠㱺㲎㵢㹎䄛䋈䍣䐯䕡䨓䯁儽垒壘壨女嫘擂攂榈樏檑櫑櫚欙氀
loei2B|13,㒦㙼㛎㜢𡞱𥚃鸓麿鮾鯘餒餧馁頛鑸钕铝閭闾郘里釹鋁謱讄蠝裏裡褛褸蕌蕾藟蘽腂腇膂膐缕脮籹累絫絽縷纍祣稆穞穭磊磥礌礧礨癗漯灅焒㭚㵽㶟㻲㼍㼏㾔㿔䉂䢮䣂䲎䴎侣侶偻傫僂儡儢儽厽吕呂垒塁壘女娞屡屢履挔捛旅梠櫐櫑
loei3B|22,㔣㔧𩸭颣類鑢錑錗诔誄蘱虑耒类累纇纍禷盭礌礧滤漯濾㨅㴃㵖䉪䓞䣦䥨䮉䮑勴唳垒壘女悷慮戾捩櫖沴沵泪洡涙淚
loei1A|55,𨂐𨀤
loei2A|35,驢驴類类女
loei3A|33,榈櫚
hoei3A|33,㚎麮鼁酗迲煦㧁㫢㰦䣱厺去呴唟昫
hoei1A|55,𥲤魖驉訏虗虚虛盱疞㠊㰭㽳䏏䖉吁呕呴嘔嘘噓圩墟姁旴晇欨歔
hoei2A|35,𤍥鄦酗诩訏許詓詡许祤珝煦滸㞰䔓䣱䧁冔去呴咻喣姁昫栩欨浒
hoei2B|13,佢渠
koei1A|55,㐝㘗𢳉𥐰𥕥魼鮈鰸鱋駆駈駒驅驱驹阹躯軀跔袪胠紶祛痀㣘㪺㭕䒧䧢䮃佉佝俱倶区區呿岖岴嶇憈抅抾拘敺泃
koei1B|21,㜹𪆫𤨎鸜鸲鼩𨬡鴝鐻鑺躣軥螶蟝蠷蠼衢菃葋蕖蘧臞翑胊籧絇瞿磲璖璩癯爠灈㣄㬬㯫㲘䀠䂂䆽䋧䝣䞤䟊䵶劬忂懅戵斪朐欋氍洰淭渠
koei2B|13,𠳔𠰠距竘佢拒歫渠
koei2A|35,蟝
deai3B|22,哋地坔埊墬嶳
deai2A|35,哋地
geai3A|33,㒫𩥉𤨥𡏾𧪄覬觊計記计记蔇紀纪稩穊䐀䓽䢋䢎垍塈墍寄徛懻旡既旣洎
geai1A|55,㙋㙨㚦𧝞𢖯𥕛𣻺飢饑饥鞿鐖鄿錤躸踑踦覉覊觭譏讥萁虮羁羇羈耭肌簊禨稘穖箕矶碁磯璣畸畿犄玑㞐㫷㼄䇫䘛䛴䟇䟚䡄䥓䩭丌乩僟其几刉刏剞叽吱嘰基奇姬居巬己幾掎敧朞期机槣機
geai2A|35,㚡𨥈𣊉𡡤麂魢鱾踦蟣虮紀纪㞆㞛㞦㡬㽶䢳几剞妀己幾庋庪忌掎杞
geai3B|22,鬾鵋騎骑跽誋諅褀芰茤㠱㥍䋟䗁䛋䝸䤒伎坖垍妓徛忌惎技梞洎
seai3A|33,蕼肆牭㹑䦉亖四
seai2A|35,㱝死
meai3B|22,㖝𧙕𥧌鬽魅鮇蝞菋苿祙篃眯煝䅏䉋䊊䙿䰨䰪味媚寐怽未
meai2B|13,㜫𣖙𠸍𤧞𠳿𦾡靡镁鎂躾葞艉芈荱美濔灖㞑㠧㥝䇻䓺䖹䞔䬿䭧亹侎吀娓媄媺嬍孊尾嵄弭捤敉斖梶沵浘渼
meai1A|55,𧋦眯睸瞇溦味咪尾屘微
meai1B|21,𡡻𪑛𣈲鸍鹛麊麋黴𢃼𠋥𢔰𣁋鶥霉霺靡鎇镅郿醾醿釄覹葿薇蘪蘼糜縻眉睂矀瑂瓕癓爢猕猸獼溦濔瀰㟜㣆㣲㧠㵟㸏䉠䊳䌕䕳䕷䥩䴢冞堳媚嵋嶶弥彌微徾戂擟攗攠楣沵湄
meai2A|35,薇眉味微
neai3B|22,㛅餌饵铌鈮誀衈腻膩胒眲珥㢽㦐䎶䏪䣵毦泥
neai2B|13,㛋𦴪𡛧馜隬苨祢禰狔䕥伱你儞妳您抳旎柅洱
neai1B|21,𤤗𥿡𦲁铌镾鈮跜蚭籾祢禰秜猕獼濔瀰㞾㢱㳽䉲䝚伲呢妮尼弥彌怩沵
neai1A|55,呢
neai2A|35,洱
leai1B|21,㒿㓯㛤𨤳𡺉𪈳𤤗𥿡𠼝𠻗鸝鹂麗𦲁鯬鱺鲡鵹驪骊離霾鏫鑗铌镾醨釐鈮鋫錅貍跜謧蚭蜊蟍褵蓠蘺艃缡罹籬籾縭纚祢禰离秜穲筣篱睝琍璃瓈牦犛狸猕獼漓漦濔瀰灕㞾㢱㥎㰚㳽䄜䅻䉲䊍䋥䋱䍠䍦䔆䔧䖽䖿䙰䝚䱘䴻丽伲刕剓剺劙厘呢嚟囄妮嫠孋孷尼弥彌怩悡悧摛攡斄杝梨梩梸棃樆氂沵
leai3B|22,㛅𣼵𦲷𠍆鯏餌饵铌鈮詈誀衈蒞脷腻膩莅莉胒眲珥痢猁㢽㤦㦐㻳䇐䎶䏪䣵俐利吏娳毦泥浰涖
leai2B|13,㛋𢃇𦴪𡛧鯉鲤馜隬锂里鋰逦邐裏裡苨纚祢禰理瓼狔㸚㾖䕥䤚䧉伱你俚儞哩妳娌履峛峲悝您抳旎李柅洱浬
leai1A|55,鬁籬篱理琍璃瓈痢呢喱
leai2A|35,里莉狸利厘喱李梨洱
heai3A|33,㑶黖餼饩霼鎎羛盵甈熂犔滊炁㞒㞓㫓㸍䊠䔾䨳䮎乞呬咥噐器嚱囕塈墍夡屃屓屭弃忥怬愒憇憩戏戯戱戲暣棄气気氣汽
heai1A|55,㙿㚀㛓㜯𣜠𤏁𣌀𡾞𠘕𤋮𠘑𨯨魌鯑鱚鵗隵郗醯釐豨踦訢諆譆识莃羲繥禧稀睎瞦礂琋煕熈熙熹熺燨爔牺犧狶烯焁焈㠻㩬㬢㰕㰿㱆㷩㹷㺣㿽䂀䐅䒊䖒䖷䛊䜣䤈䫏俙倛僖僛凞唏嗨嘻嘿娭娸媐嬉屎巇希忚悕戏戲抾晞曦桤桸榿橀欷欺浠
heai2A|35,𤧸𤍈𨭎釐邔豈起蟢芑禧盀玘㝆㞯㵙䄫䒻䔇喜囍屺岂憘憙暿桤榿橲歖
keai1B|21,㐞𣾁𣾏𣄃𤊄𦸀𦝁𩃤𤦺麒𡸷𣗍𤪌鬿魕鮨鯕鰭鲯鳍鵸鶀颀騎騏騹骐骑鬐隑頎锜錡軝跂蚑蚔蚚蜝蜞螧蟐蟣萁蕲藄蘄虮芪耆肵簯簱籏粸綥綦綨祁祇祈祺禥竒碁碕琦琪璂疧猉玂濝㞿㟓㟚㩽㫅㯦䃆䅲䉻䑴䓫䕤䞚䡋䩓䭶䭼䰇䲬䳢䶞丌亓伎俟其凧剘呮圻埼奇岐岓崎帺忯愭掑旂旗期枝棊棋樭檱櫀歧淇
keai2B|13,㖉𦮳跂企徛
keai2A|35,𨀣蜞琦䄎企婍旗棋
keai3A|33,鱀騎驥骑骥蘎臮䀈䙫丠亟兾冀唭塈墍暨曁
keai1A|55,陭蹊踑踦觭畸㟢㥓㩻㱦倚崎嵜攲桤榿欹
feai1A|55,㐟𩇫𦴧鯡鲱飛飝飞餥馡騑騛霏非靟蜚裶菲绯緋痱猆㫵䙍䩁䬠匪啡妃婓婔扉斐暃榌渄
feai3B|22,㔈狒㩌䒈䠊䤵剕厞
feai2A|35,𩄼𦻔陫诽誹蜚菲蕜翡肥篚疿痱㥱䕁䨽匪奜屝悱斐朏棐榧
feai1B|21,蜰蟦腓肥痱䈈婓淝
ngeai3B|22,诶誒欸
ngeai1A|55,诶誒欸
ngeai3A|33,诶誒欸
peai1A|55,㔻㗪魾駓髬阫鎞铍鈚鈹鉟銔豾被翍耚肧胚紕纰秛秠砒磇狉狓㨢㩺㱟㺽䋔䪹䫠䮆䯱不丕伓伾呸啡帔怌悂披抷旇
peai1B|21,𦨭𨈚𨸹鼙魮魾鮍鲏鵧駍阰陂陴隦鞞铍郫鈹邳豼貔蚍蚽蚾蜱螷蠯裨脾腗膍芘罢罷粺紕纰禆稗笓皮琵疲焷㮰㯅㼰䲹䴽仳埤壀岥岯崥批朇朼枇椑比毗毘毞
peai2A|35,鄙諀脴脾苤皮痞䚰䚹仳吡否啚噽嚭圮庀
peai3A|33,譬濞㳪㵨㿙䊧䠘媲嫓嬖屁帔淠
peai2B|13,被睥䤏婢庳
beai2A|35,㑭㗗髀鞞鞸貏舭聛肶粃秕篦畀畁疕㠲䀝䃾䏢䣥䯗佊俾匕吡夶妣媲彼柀比毗毘沘
beai3B|22,㘩鼻骳髲鞁鞴闢辟避贔赑襣被萆蓖糒絥箄箆篦犕㢰㣁㸢䑄䕗䘡䩀䫁俻偹備僃匕嚊坒备奰嬶嬽惫憊比
beai1A|55,鹎鵯陂錃诐襬詖裨萆萞蓖藣罴羆篦碑犤㽡䍘䙓䥯䥸卑埤屄岥庳悲摆椑毴渒
beai3A|33,𠳓铋閟鄪鉍轡辔邲诐貱費賁贲费跛詖臂芘肸肹粊祕秘箅畀疪痹痺滗潷㝿㿫䀣䉾䊌䎵䪐匕北埤庇怶枈柲毖泌
jyu2B|13,㐠㑨㒁㒜㖳㘾㙑㙖𨦫𦲸𠉴𣳿麌齬龉𨨶𨺲雨頨铻鄅鋙语貐語萭蘌與舙羽肗籹祤禹窳篽瑀瘉瘐㝢㡰㨎㲾㺄㼌䣁䥏䦀䨞与乳予俁俣偊噳圄圉女宇寙屿峿嶼庾懙挧擩敔斞楀汝
jyu1B|21,㐵㔱㖲𣈯𤲞𡢢𠏋𠈌𠯆𦽳𦖭鸆鸒齵𢢭魚魣鮽鰅鱬鱼鴑鴽鷠顬颥餘馀騟骬髃隃隅雓雩铷醹銣鍝輿轝逾邚谀踰襦覦觎諛謣譃蝓蝡螸蠕袽褕萮萸蕍蕠薷虞腴臑臾舁舆與艅茰茹羭籅繻禺窬竽筎簃盂睮硢瑜璵畬畭燸牏狳玙湡漁澞濡㤤㥚㥥㦙㦛㬂㬰㭌㳛㶛㷒㺞㻀㻦㼶㾒䁩䂛䃋䄖䄨䍂䏸䐳䔡䗨䘫䚤䛕䜽䞕䢓䣿䩒䫱䬔䰭䰰䰻䱷䲆䲣与予于伃余侞俞儒兪喁嚅圩堣堬如妤娛娯娱婾媮嬩嬬孺屿崳嵎嵛嶼帤庾愉愚懙挐揄斔斞旟曘桇桙楡楰榆欤歈歟歶毹毺渔渝渪
jyu1A|55,㚥鯲陓酑込迂迃邘衧虶芋紆纡穻竽箊盂盓瘀玗㝼㪀㫇㫈㺮䆰䊸䨕䩽乻于亐吁唹扜扵於旕杅淤
jyu3B|22,𡒊鸒龥预馭驭隅雨雩預铷銣遇语谕豫誉語諭譽裕蓣蓹蕷藇與籞籲禦穥礖礜瘉癒滪澦㹘䂊䘘䘱䢩䦸䨒䴁与俞兪匬吁喩喻媀孺寓峪庽御忬悆愈愉擩櫲洳
jyu2A|35,魚鱼瘀伛偊傴噢妪嫗淤
jyu3A|33,飫饇饫酗醧秗燠䣱䣴妪嫗棜
cyu2B|13,㑏𨀉𦆭𦅜𥌓鱰貯贮跓詝褚處芧苎苧纻署羜紵禇竚眝砫㝉㴤㿾䇠䇡䖏伫佇储儲処坾处宁嵀曙杵杼柱楮樦
cyu1B|21,㕏㕑𨆼麆除蹰躇躕蜍蟵蕏藸篨滁㡡䊰䟞厨幮廚橱櫥
cyu2A|35,褚處䖏処处廚柱
cyu3A|33,處竌䖏䦌処处
zyu3A|33,㗟𤏸馵駐驻霔鑄铸鉒鋳軴迬註蛀著罜翥紸祩秼筯箸疰炷㫂㹥㺛䎝䎷䘄䝬䪒䬡䭖乼墸壴殶注
zyu2A|35,𪐴𠰍麈陼罜砫煑煮濐㵭䍆䘢䰞丶主住劯宔拄枓渚
zyu1A|55,鼄鮢鯺鴸駯铢銖邾诛诸豬趎跦誅諸蛛蝫蠩袾蕏藸茱絑硃珠猪潴瀦㦵㧣㶆䃴䇬䏭䐗䡤䣷侏姝娵朱株槠橥櫧櫫洙
zyu3B|22,莇筯箸㾻住櫡
syu3B|22,㒘㛸㜐𣗳豎裋腧竖竪澍濖㴻䜿䝂侸尌忄暏树樹
syu2A|35,㓿龧黍鼠鱪薯處癙潻䑕䵓处暑
syu1A|55,𨥤鵨鄃輸输舒荼纾紓瑹瀭㡏䋒䋡䧾书俆圕姝抒摅摴攄書枢樗樞橾毹毺
syu3A|33,𡜐鏣處腧㣽㲓㵂䉀䖏䠼䩱俞兪処处庶庻恕戍
syu1B|21,陎軗蜍蠴薯藷糬㸡㼡嘘噓杸殊殳
syu2B|13,署曙
kwu1A|55,㗄笟箍篐圐
gu1A|55,㑬鸪𠵎𡦈鮕鴣钴酤鈲鈷軱軲轂轱辜觚蛄菇菰苽罛罟箛㣨㴌㵈㼋䉉䐻䧸古呱咕姑嫴孤家柧橭毂沽泒
gu2A|35,㖛㚉𥑮𥥖鼓鼔骰钴鈷賈贾詁诂蛊蛌蠱薣臌苦罟羖股皷皼盬瞽牯狜䀇䀦䑩估古嘏夃故沽
gu3A|33,鯝鲴顧顾雇頋锢錮詁诂祻稒痼㧽㽽䍛䓢估僱凅固堌崓崮怘故棝
ku1A|55,㗄笟箍篐圐
fu3A|33,㐣𨬬𠓗陚鍑賦赋趶衭袴裤褔褲绔絝福秙竎㤱㽬䒄䒇䔯䔰䝾䞜䞯䞸䦣冨副咐嘑富库庫廤戽
fu2A|35,㓡㕮𪄇黼鬴鯱頫郙釜釡鈇錿軵許许蜅萀虎虝腑苦莆脯簠盙琥甫瘔父滏㵚䇢䋨䌗䗂䗄䝞䫍乕乶俛俯俿傅呒唬喸嘸府弣抚拊捬撫斧柎椨楛
fu1A|55,㓫㓬麩麬麱麸鮬鳺骷雐郛鄜酜鈇軤轷邞郀豧趺跍跗謼衭虍虖膚膴苸荂荴莩罦肤胕粰糐紨綒稃筟砆痡玞滹烀㠸㦆㩤㭪㱠㲗䃿䄮䉐䊿䎍䎔䑧䒀䓏䓵䰧䱐䴣䴸乎伕俘刳呋呼嘑垀垺夫妋姇娐孚孵尃幠怤恗懯戏戯戱戲扝挎敷旉枯枹柎桍桴歑殍泘泭
fu3B|22,㖚𡧛鮒鲋駙驸附輔辅負賻负赙赴訃詂讣蚥蚹蝜袝萯腐祔秿焤父㤔㭥㳇㾈䂤䟔䠵䩉䭸䮛仆付俌偩傅咐坿
fu1B|21,𠒎鳧鳬颫蚨虖芙苻胕符畉玸㫙䡍䵾乎乥乯凫夫扶枎榑洑
fu2B|13,妇婦媍
wu3B|22,㕆鱯鳠鳸雽韄頀鄠謢護蔰芋芌芐粐綔祜簄瓠熩滬濩㣗㨭㸦䇘䊺䋆䍓䕶䨼互冱冴婟嫭嫮岵帍怙戶户戸扈护摢昈枑楛槴沍沪
wu1B|21,㗅𠴱鹕魱鰗鶘鶦餬鬍醐鍸蝴衚葫胡糊箶瑚瓠瓳煳狐猢湖㝬㯛㾰䉿䊀䎁䠒䩴䭅䭌䭍乎咊和喖壶壷壺媩弧楜
wu2A|35,𧙖隖芋胡糊祜瑦溩滸䃖䛩坞塢壶壺嵨捂摀汻浒
wu3A|33,𨉼𠌥䜑噁恶惡汙汚污
wu1A|55,鰞鴮陓靰鎢钨鄔邬螐肟窏烏㢪㮧䖚䡧乌呜嗚圬弙恶惡扵於杇歍汙汚污洿
gwu1A|55,㑬鸪𠵎𡦈鮕鴣钴酤鈲鈷軱軲轂轱辜觚蛄菇菰苽罛罟箛㣨㴌㵈㼋䉉䐻䧸古呱咕姑嫴孤家柧橭毂沽泒
gwu2A|35,㖛㚉𥑮𥥖鼓鼔骰钴鈷賈贾詁诂蛊蛌蠱薣臌苦罟羖股皷皼盬瞽牯狜䀇䀦䑩估古嘏夃故沽
gwu3A|33,鯝鲴顧顾雇頋锢錮詁诂祻稒痼㧽㽽䍛䓢估僱凅固堌崓崮怘故棝
dan1A|55,㐤𡛓𤘪𨭐𤩧郸鄲襌褝簞箪砃瘅癉㠆㣋䐷䒟䢷丆丹勯匰单単單殚殫
dan3A|33,𧩙鴠钽鉭诞訑誕瘅癉狚澶㡺䜥旦泹
dan3B|22,駳觛蛋蜑膻繵疍燀䩥亶但僤弹弾彈惮憚掸撢撣旦柦
dan2A|35,蛋疍刐弹彈旦
can3A|33,㛑𤨪𠍇𨮏薒羼粲璨燦澯灿㣓㬄㻮䊲䴼儏孱
can1A|55,飡餐爘㺗䉔䬸䱗喰湌
can2A|35,鏟铲簅產産滻㦃㯆㹌㹽䐮丳产刬剗剷嵼摌浐
can1B|21,㥇㱚䏼䝳僝残殘
zan2A|35,𦾟𥵃驏骣醆賺赚赞趱趲讚盏盞琖㜺䎒䟎䩆儧儹拶揝撍攒攢昝栈棧
zan3A|33,𧹏𤓎𧹍饡鄼酂酇賛贊赞趱趲襸譔讃讚瓉瓒瓚濽灒䉵䬤䰖囋囐撰
zan3B|22,饌馔輚轏賺赚譔菚虥虦绽籑綻禶篹㟞㻵䉵䋎䗃䘺䱠僎嶘揝撰攥栈桟棧
zan1A|55,㣶
gan3A|33,𡼏𢵧鐧锏閒間间谏襇襉覵覸諫裥繝瞯瞷磵礀澗㵎橺涧
gan1A|55,𡤃𤩎𧒄𧬘閒間间菅葌蕑蕳艰艱䓸䔵囏墹奸姦姧
gan2A|35,𨰝鹸鹻鹼鶫鐗鐧锏趼襇襺蠒裥茧簡絸繭笕筧简研硏硷碱痫癇癎澗㶕䉍䥜堿徚拣揀暕枧柬梘涧
san1A|55,㛽𠮿鯅閂閊闩邖跚膻舢芟羴羶狦珊潸澘㢫㹪䈀删刪圸埏姍姗山屲拴挻柵栅栓
san3A|33,𨥉銏赸訕讪簒繖篡疝潵㪔㪚䃟䚲䴮伞傘散橵氙汕涮
san2A|35,饊馓粣糤㪚䉈散
san1B|21,潹潺䡲僝孱
tan1A|55,㘱譠痑瘫癱滩潬灘㨏啴嘽坍摊擹攤
tan3A|33,㛶𤨢贃碳湠炭叹嘆歎
tan2A|35,𥘵钽鉭襢袒膻璮疸瘫癱玬㫜㲜㲭䞡䦔亶儃坦妲忐怛憻暺檀毯
tan1B|21,𥐯鷤驒貚繟䃪䉡䕊坛壇弹彈枟檀
man3B|22,㗈𨭬𤅎𦄡𤛔𩅍鰻鳗饅馒鏝镘鄤谩贎謾蟃萬蔄蔓蘰缦脕縵熳獌漫澫澷㡢㬅㵘㸘㻴䕕䝡䝢䡬万僈卍卐墁嫚幔慢曼杤槾
man1A|55,𢺳摱晚
man1B|21,𧖣𥲑𠼦鬘鰻鳗饅馒谩謾蛮蠻蔓䅼䛲䯶姏
man2B|13,輓脕睌矕㿸䅋娩挽晚晩梚
man2A|35,慢晚
nan3A|33,𧕴𢺋
nan1B|21,难難
nan3B|22,难難㬮
nan2B|13,赧㫱戁
lan1B|21,㘓阑难難韊鑭钄镧闌谰襕襴襽譋讕蘭籣澜瀾灡㳕䑌䦨䪍兰囒幱拦攔斓斕栏欄欗
lan3A|33,𧕴𢺋
lan3B|22,难難糷瓓燗爛爤烂㬮㱫䃹斓斕
lan1A|55,躝蘭兰栏欄
lan2B|13,赧㦨㫱嬾孄孏懒懶戁
lan2A|35,蘭爛烂兰
han2B|13,㛠𢵧𡢃僩僴撊橌
han1B|21,𡤄鷳鷴鷼鹇閑閒闲蛝藖瞯痫癇癎澖㯗䦥娴嫺嫻憪椚
han3B|22,𢵧麲限粯硍㡾䁂䈨䉯䦘娨憪撊
han1A|55,鬜鬝顅臤䂅婜孯悭慳掔
han2A|35,閑闲覵
fan3B|22,㕨飯飰饭鎫鋄錽軓軬訉范笵範瓣犯瀪㶗䉊䥑梵氾汎泛
fan3A|33,㛯販贩盕畈㤆䀀䒦䣲奿婏嬎嬔氾汎泛
fan2A|35,𠆩飯饭阪返販贩瓣犯㽹䛀䡊仮反坂岅払橎
fan1B|21,𪄴𢖾𥐥鷭颿鐇鐢钒釩蹯襎蟠蠜袢蕃薠藩蘩膰舤舧羳籵緐繁繙礬笲矾璠煩燔瀿烦㠫㠶㸋㺕䊩䋣䋦䌓䑺䕰䪤䬚䭵䮳凡凢凣匥墦帆忛杋柉梵棥樊氾汎泛
fan1A|55,鱕飜轓返蕃翻籓繙畨番犿㴀䉒䪛僠勫反嬏幡憣旙旛
fan2B|13,販贩
ngan1B|21,㗴㘖颜顏顔訮詽虤研硏楌
ngan3B|22,𪆒鳫鴈雁軅贋贗赝偐
ngan3A|33,鹌𠹵鴳鵪鶠鷃騴䁙䨃䳛䳡䳺妟姲晏暥
ngan2B|13,齴眼
ngan2A|35,雁眼俺
pan1A|55,㐴颁頒眅扳攀
pan3A|33,鑻鋬襻袢聁盼滼䙪
wan3B|22,㕕𠯻𠈄轘豢薍缳繯眩瞣漶㹖䆠䒛䗭䜨宦幻患攌梙槵
wan1A|55,㘤睕湾潫灣䘎塆壪弯彎
wan1B|21,鹮𡦃鬟顽阛頑鐶锾镮闤鍰轘还還缳翫糫繯環玩环湾澴灣㡲㶎㹕䍺䭴䴉䴋圜堚嬛寰抏
wan2B|13,鯇鯶鰀鲩鋎鋔輓唍挽晘
wan2A|35,绾翫綰環玩环
ban3B|22,𡌶辦瓣爿湴丬办埿扮
ban2A|35,魬阪钣闆鈑辦蝂舨瓪版䬳办坂岅扳昄板
ban1A|55,鳻颁頒辬螌般肦班疤瘢癍㿀䃑䰉攽斑斒朌
ban3A|33,扮
gwan1A|55,𠴨鰥鱞鳏関闗關莞纶綸矜瘝癏烪䚪䤽关擐
gwan3A|33,躀遦貫贯丱串卝惯慣掼摜擐
doi3B|22,黛黱𠰺𦨮鮘隶隸霴靆酨迨逮诒詒蝳袋绐紿緿祋瑇甙玳㭖㻖䈚䒫代叇垈埭岱帒待怠曃柋殆毒
doi2A|35,袋
coi1B|21,㐧㒲𠆫財财裁纔䴭才材
coi3A|33,㗷㘔𡤐𡧳采賽赛菜蔡簺縩䌨䰂埰塞寀棌
coi2A|35,𣶶𤊕𦹮采財财菜茝茞綵睬㥒䌽䐆䣋倸婇寀彩才採毝
coi1A|55,啋
zoi1A|55,㘽𣏹賳菑睵甾溨災灾烖㢤㦲哉栽渽
zoi3B|22,酨在扗
zoi3A|33,載载縡䵧傤儎再洅
zoi2A|35,載载縡㱰䏁䮨在宰崽
goi1A|55,阂陔隑閡郂该豥賅賌赅該荄胲絯祴畡㨟㱾䀭䐩䬵侅垓姟峐晐核
goi3A|33,阣葢蓋盖㧉㯼乢摡
goi2A|35,胲絠䪱忋改
soi1A|55,鰓鳃顋腮䚡䰄偲思愢毢毸
soi2A|35,䈢
toi1B|21,㒗㙵鮐鲐颱駘骀邰跆菭薹臺苔籉炱炲㣍㬃㷘㸀䑓儓台坮嬯抬擡斄旲枱檯
toi2A|35,㘆臺耛台呔枱檯
toi2B|13,駘骀軩迨绐紿怠殆
toi1A|55,苔胎囼孡
noi3B|22,㐻𡞫𥈡𥇧靹錼螚萘耏耐㮈㮏㲡㴎䘅䱞佴倷內内奈柰氝渿
noi2B|13,餒餧馁
noi1A|55,耐
noi2A|35,耐
noi1B|21,熋㾍䯮
loi3B|22,㐻㑍𧶘𡞫𥈡𥇧靹頪銇錼诔賚赉誄螚萘耏耐耒睐睞㮈㮏㲡㴎㾢䒹䘅䚅䛶䱞佴來俫倈倷內内勑唻奈徕徠来柰氝渿
loi1B|21,㚓𦩑麳鯠鶆騋铼郲錸逨萊莱筙箂琜熋猍㾍䅘䧒䯮來俫倈婡崃崍庲徕徠来梾棶涞淶
loi2B|13,餒餧馁䂾
loi1A|55,耐
loi2A|35,耐來来
hoi1A|55,㚊𤣿鐦锎開㝩㰧㰩㱼㾂䤤咍嗨奒开
hoi2A|35,𨬫𤩑𦷫颽闿鎧铠闓酼醢輆豈肯胲硙磑烸䁗凯凱剀剴垲塏塰岂嵦恺愷暟海
hoi1B|21,颏骸頦咳孩欬
hoi2B|13,颏駭骇頦
hoi3A|33,餀饚㺔
hoi3B|22,㤥㧡䇋亥嗐妎害氦
koi3A|33,钙鈣葢蓋盖瓂溉漑㪡㮣丐匃匄咳嘅忾愒愾慨戤杚概槩槪欬
koi2A|35,概
ngoi3B|22,㕌㚈𠰻阂閡硋碍礙外夞懝
ngoi1A|55,㗒鎄锿诶誒哀埃娭欸
ngoi1B|21,𨹦騃皚硙磑皑獃㱯䶣呆敱敳
ngoi3A|33,鱫馤鑀薆皧瞹瑷璦爱濭㤅㦈䔽䨠僾嫒嬡愛懓暧曖
ngoi2A|35,霭靄靉譪蔼藹皚皑䔇乃凒凯凱叆嗳噯堨壒外嫒嬡昹暧曖毐
jem1B|21,㐺㕂㖗𩬎鵀鷣霪鈝銋訡蟫荶纴簷紝絍碒滛㞤㶩㸒䕾䚾䛘䨙䪩乑任冘吟唫噖壛壬妊姙婬崟崯檐淫
jem1A|55,㛺𤅺𨥖𩃬𩬎𣸮阥阴陰隂霒霠音韾顉鑫钦萻蔭荫瘖䃢䕃䜾䤃䨧侌呥喑噾嬜嵚嶔廞愔欽歆
jem2B|13,𦍌飪餁饪鈓銋赺趛衽袵荏秹䭃
jem3B|22,鵀飪餁饪賃赁衽袵腍荏纴紝絍祍㤛㶵䇮䋕䏕䚿任妊姙恁栠栣
jem2A|35,飮飲饮㱃坅昑檐淾
jem3A|33,飮飲饮阴陰隂蔭荫窨瘖癊㱃䜗喑堷廕
dem2A|35,㕪黕黮衴紞瓭澸㱽䉞伔抌揼沊
dem3A|33,𦂥髧揼
dem3B|22,𨂽
dem1A|55,䏙揼
dem1B|21,揼榃氹
cem1A|55,㑴㓎㕘鮼駸骎賝誛諃舰綅篸㟥㠁䑣䚀䚁䜷侵参參嵾掺摻棽浸
cem1B|21,㖊㚯㜄㜦𩖰𦅛鬵鱏鱘鲟霃鐔镡鄩鈂襑覃蟫蕁荨莐璕燂燅燖爓湛潯㝷䒞䕭䤁䤟䰼噚埁寻尋挦撏攳枔桪棽樳沈沉浔
cem3A|33,𩂈谮谶謲譖讖㤈㽩䈜䜟吢吣唚噆抋掺摻
cem2A|35,醦鍖贂趻踸硶碜磣㝲㾛䫖噆墋夦寑寝寢梫
cem2B|13,蕈
zem3A|33,㓄谮譖譛濅㴆䆮寖揕枕浸
zem1A|55,㘰𡾡鱵针酙針鍖鍼葴祲箴砧碪瑊㪸㻸䃡䘲䥠兓埐嶜斟椹
zem3B|22,𠹻鸩鴆酖㯢㴨㼉䧵䫈䲴朕栚
zem2A|35,萙㪛䤐䪴䫬䭙噆怎枕
gem1A|55,㓧黅金鍂衿苷粓紟禁甘疳㤌㦗㲐䇞䊻䋮䌝䘳今媣惍柑泔
gem3A|33,𦡞𡢾贑贛赣詌绀紟紺禁灨㯲㽏䲺僸凎咁唫噤橄汵淦
gem2A|35,𡑒鰔鱤鳡鏱锦錦澉䃭䤗䧩咁噉感敢橄
gem3B|22,齽㩒㱈䑤䫴䶖凚揿搇撳
sem1A|55,㕘𣿯𡑕𨨥𤀻鯵鰺鲹郴鈊襳襂葠蓡蔘薓芯罙罧綝穼琛甧㝳㣺㴱䆦参參堔心曑杺森椮槮深
sem2A|35,㕴㚞𤪺魫邥谂谉覾諗讅籸糁糂糝糣瞫瀋㧲㰂㻘㾕䊉䊏䚓䫩伈婶嬸审宷審曋沈淰渖
sem3B|22,黮葚甚㻣什侺椹
sem1B|21,谌訦諶葚芩笒瘎煁㞥㽸䅾䲋岑忱愖梣涔
sem3A|33,瘆瘮滲㵕沁涁渗
tem1A|55,𧨾
tem3A|33,𧨾𠱁氹
tem2B|13,𠃮凼氹
tem1B|21,榃
mem1A|55,𩜠
nem3B|22,𦛚𡀝淰
nem2A|35,谂諗惗
nem2B|13,腍稔䄒拰
nem1B|21,腍焾䋻䌾淰
lem2B|13,㐭㛦顲醂菻腍稔稟癛癝澟㨆䄒䕲凛凜壈廩廪懍懔拰檁檩浨
lem3B|22,𦛚𡀝㨆淋淰
lem1A|55,𣺉臨临冧啉
lem1B|21,𧯴霖菻腍臨綝箖碄琳痲痳焾瀮瀶㝝㣩㵉䋻䌾䫐临啉崊惏晽林淋淰
lem2A|35,谂諗惗林淋
lem3A|33,冧
hem1A|55,㘛龕龛蚶螊㤷㽍㾣䎏䣻勘坎坩埳堪嵁憨戡
hem2A|35,㙳𥔿顑輡轗莰窞竷砍磕㧄䖔坎埳塪惂扻撼欿歁
hem3A|33,鬫阚闞蘫篏瞰矙磡琀䀍䘓䫲凵勘唅坎埳堿墈崁嵌
hem2B|13,颔頷顄蛿蜭撖
hem1B|21,馠酣銜鋡谽蜬衔衘肣筨澏焓㟏㟔㶰㼨䈄䤴䥁䨡䶃佄含唅啣嗛娢晗梒浛
hem3B|22,陷顉譀莟㨔䓿冚嵌憾扻撼
kem1B|21,㕋𨨖鳹鵭雂靎靲鈙蚙蠄芩耹禽珡琴琹澿㪁䔷䥅䥆䦦噙庈扲捦擒檎
kem2A|35,𢫏𠹸琴冚妗搇
kem1A|55,𠸐襟衾衿禁䘳噤
kem2B|13,妗
ngem2B|13,㜝
ngem1A|55,𩜠𥂝𡁏鹌鵪鶕馣阴陰隂韽闇谙誝諳菴葊蓭腤盦盫痷瘖㞄䅖䨄䳺厂啱媕广庵
ngem2A|35,黤黬黭黯隌闇谙諳罯㽢匼唵垵埯揞晻
ngem3A|33,黬闇腤䬓晻暗
ngem1B|21,雸玵䜙吟唫啽扲撢
ngem3B|22,䯥喑
bem1A|55,乓泵
jeong2B|13,㔦𡏆𡒶𣞼𨦪養蛘纕礢痒癢爙瀁瀼䍩䑆䑋仰佒养卬嚷坱懩攁攘氧
jeong3B|22,𧁒養酿醸釀譲讓让蠰羕穰煬漾瀁炀㨾㺊䬺䭐䭥养嚷圵壌壤恙懹攘样樣
jeong1B|21,𦭵鸉𤋁鬤鰑鴹颺飏阦阳陽霷鐊钖鍚躟輰諹蛘蘘羊羏纕禓禳穣穰眻珜瑒疡痒瘍煬獽玚湯瀼炀烊㦹㬕㳱䁑䉴䬗䵮佯儴勷垟崵徉扬揚攘敭旸昜暘杨样楊様氜氱汤洋
jeong1A|55,鸯鴦雵鞅锳鉠鍈胦秧㡕䄃䘧䱀咉央柍楧殃泱
jeong2A|35,駚阳陽鞅酿釀羊紻炴烊䇦䒋坱岟怏扬抰揚杨柍样楊樣洋
jeong3A|33,詇㿮䬬怏
deong1A|55,𡁷啄
ceong1A|55,㘟𥚕𥦬𪂇𨫥鸧鼚鯧鲳鶬阊鎗鏘鏿锖锠锵長长閶闛錆錩蹌蹡跄謒裮菖羟羥窓窗窻篬琩瑲牄牎牕猖玱䅛䆫䗉䞎䤌䥊䮖伥倀倡呛嗆囱娼将將嶈戗戧抢搶摐斨昌晿枪椙槍淐
ceong1B|21,㘯㙊𡤑𢒑長镸长详詳萇蔷薔蘠腸膓艢苌羊翔肠絴祥瓺畼爿牆㟄䔗䠆䯴仧仩兏场場塲墙墻嫱嬙庠廧戕樯檣
ceong3A|33,𣈱鬯韔蹌蹡跄誯瑒畅焻熗玚炝䩨䵁倡呛唱嗆怅悵戗戧暢
ceong2A|35,長长鋹腸肠场場墏抢搶摤
zeong3A|33,㙣障鄣酱醤醬賬账脹胀瞕痮瘬瘴漲㢓仗墇将將嶂帐帳幛张張怅悵涨
zeong1A|55,𥕞𥪮𪋟𤍤麞𢕔鱂鱆鳉餦騿鄣遧螀螿蟑蒋蔁蔣粻章璋獐漳漿㯑䊢䛫傽嫜将將张張彰慞摪暲樟浆
zeong2A|35,𣛟鐣長长蒋蔣膙礃獎漲㢡㯍䉃䒂丈仉仗匠奖奨奬帐帳幥掌杖桨槳涨涱
zeong3B|22,鱌鐌長长象襐蟓㽴䞪䴂丈仗像勨匞匠嶑扙杖橡
geong1A|55,𦍑𡟜韁蜣葁薑缰羌羗翞繮礓畕畺疅疆猐獇溬㳾㹔䕬䗵傹僵嗴壃姜彊橿殭
geong3B|22,𣚦糡糨犟勥唴強强彊
geong2A|35,蔃䋌
seong1A|55,㐮㕠㜀𨫢鸘鹴鬺鷞騻驤驦骦骧雙霜鑲镶襄觞觴謪螪葙蔏艭缃緗纕礵禓箱相瓖熵湘湯滳瀧㠤䉶䌮䝄䨇䵰䵼伤傷儴勷厢双商墒孀孇廂忀愓慯欀欆殇殤汤泷
seong1B|21,龦𣻸𣙟𡣖鱨鲿鏛鋿裳瑺甞㦂倘偿償嘗嚐嫦尝常徜
seong2A|35,鮝鯗鱶鲞鑜賞贘赏相尚想扄
seong2B|13,鞝绱緔上
seong3A|33,相灀㦼䉘恦
seong3B|22,㫾丄上尙尚
neong3B|22,䖆
neong1B|21,娘嬢孃
neong2A|35,娘
leong2B|13,㒳㔝魉魎襔蜽裲脼緉䓣䠃䩫两俩倆兩掚
leong3B|22,𤦻量鍄輌輛辆谅踉諒湸㾗䀶䁁䖆两亮倞兩凉哴喨悢涼
leong1B|21,𣸑𨫟量輬辌谅踉諒良莨羪簗粮粱糧綡㹁䝶䣼䭪俍凉墚娘嬢孃斏梁椋樑涼
leong2A|35,輛辆両两兩唡啢娘梁樑涼
heong2A|35,㗽𩐿飨餉饗饟饷韕響銄蚃蠁薌芗㬀䊑䖮享亯向响嚮垧晌晑曏
heong1A|55,麘鱜香郷鄉鄊鄕薌膷芗稥㴡㿝䅨乡楿
heong3A|33,鄉鄕萫羻珦䦳乡向嚮姠曏
keong2A|35,㛨蔃
keong2B|13,鏹镪謽襁膙羟羥繈繦滰䥒勥弜弶強强彊摾
keong1B|21,漒㩖䃨嵹強强彊
joen3B|22,閏閠闰膶潤㠈䏰䦞橍润
joen2A|35,膶潤润
doen3B|22,顿頓钝鈍逇遁遯盹砘燉炖䤜囤庉沌
doen2A|35,顿頓
doen1A|55,驐鐓镦蹲谆諄蜳礅犜獤㢯㥫㪟㻻䃦䔻䪃吨噸墩墪墫惇撴敦橔
coen2A|35,㖺踳蠢萶箺睶㿤䏛䐏䦮䮞偆堾惷
coen1A|55,𪂹𢰦鹑𣇸鰆鶉鶞輴逡踳蝽萅膥芚竴皴瑃㫩㻐䞭䞺䡅䲠堾夋媋旾春暙杶椿槆橁櫄
coen1B|21,𡻈馴驯螓紃秦狥溱灥㫬㵌㶷䋸䖲䙉侚嗪嫀巡廵徇循旬杊栒楯
zoen3A|33,㑓㑺㕙𣽊晉𨌘𠬍𧪽𦻗𨫌𠗕𡍵𡼕𤀹𣿰鵔鵕餕馂駿骏陖隽雋鎸鐫镌进進訰葰臇缙縉稕竣睃琎瑨璡畯燇溍濬焌㝦㬐㬜㶼㷪㷷㻪㽙䐪䗯䜭俊儁嚍寯峻懏捘搢晉晋晙枃浚
zoen1A|55,鷷鐏蹲轃迍遵谆諄衠蓁臻罇肫繜窀琎瑧璡獉珒溱潧澵㡒㰉䘒堻墫宒尊屯嶟忳搸朘榛樼樽殝津
zoen2A|35,鶽隼賮贐赆藎荩純綧縥纯燼準烬㯸㶳䝲侭儘准凖埻尽
zoen3B|22,盡璶煡燼濜烬㶦㶳䀆壗嬧尽浕
soen3A|33,㐰𣊬𡡞𤩥𤣲𡥪𢁅𦴩𢁉顨鬊阠顖軐迅逊遜賐訊訙訫讯蕈蕣舜芯簨稄眴瞚瞤瞬潠濬㢲㭄䀢䀵䏤䐣䑞䒖䚱䛜䛨䞊䪿䭀䴄伩信卂噀囟埈奞孙孞孫巺巽愻橓殾汛浚
soen2A|35,㒐㔼㖘𠱸顺順顖鎨賰簨笋筍箰㦏䞐信囟栒榫
soen1B|21,𥌎鹑鯙鶉馴驯陙醇醕錞蒓蓴膞莼肫脣純纯瞤畃焞犉湻滣漘㝄㝇㵮㸪䏝䓐䔚䣨䣩䣬䥎䫃唇浱淳
soen1A|55,𢓭𦴥駨逡郇询踆詢荀绚絢皴眴珣狥㡄㨚㰬䘩䜦伨侚偱峋徇恂殉毥洵
soen3B|22,顺順迿狥㥧侚徇殉
soen2B|13,碷楯
toen2A|35,躖畽疃䠪䵯
toen1A|55,貒芚猯䝎䵎啍噋湍
toen3A|33,褖湪彖
toen2B|13,盾楯
loen1B|21,㓆㔂㖮𪊓𥻘𪊲𪊺𢜒𤦎麐麟鯩鱗鳞驎陯隣鏻鄰錀輪轔轮辚遴邻踚論论蜦菕腀膦纶翷粦粼綸繗瞵砱磮磷璘燐獜潾㷍㷠䈁䑳䚬䢯䮼仑伦侖倫僯厸囵圇埨壣婨崘崙嶙惀抡掄斴暽棆沦淪
loen3B|22,㖁𥣡閵蹸躏躙躪轔轥辚遴論论蔺藺膦磷甐疄焛溣䉮䗲䚏䫰吝恡悋橉
loen1A|55,㖥噒
loen2A|35,麟輪轮論论仑侖卵
loen2B|13,耣稐碖亃卵撛
jai2A|35,踹
jai2B|13,䑂
dai3B|22,㐲釱軑轪簤㞭㣕㭐㶡䈆䲦亣大汏
dai3A|33,㛿𦄂𧜵𡠹𥛣蹛襶艜瀻㯂䙊侢带帯帶廗戴
dai1A|55,騃獃呆大懛
dai2A|35,㱛䚞䚟傣大带帶歹
cai1B|21,㑪𡣙齜龇豺茈祡犲㾹䓱䡨侪儕喍柴
cai1A|55,靫钗釵猜㼮䂘䐤䞗䟀䠕偲差揣搋
cai2A|35,跐跴踩踹䦟䦷撮柴
cai3A|33,訍蠆袃虿瘥㳗䘍嘬囆
zai1A|55,㗍𩱳齊齋齐㪰䄢䔝䬩亝夈捚斋斎榸
zai2A|35,鉙寨
zai3B|22,豸眥眦砦㩟䚦寨廌
zai3A|33,責责膪瘵䐱债債
kwai2B|13,㧟㨤擓
kwai3A|33,嘳
gai3A|33,㑘㖋㖎𠝹𨺬魀魪骱鎅诫解觧誡蚧衸葪薢芥繲祄砎琾界畍疥犗玠㝏㠹㾏㿍䇒䛺䯰䰺䱄䲸丯介价吤堺尬屆届岕庎廨悈懈戒楐
gai1A|55,𥟠𣾂鶛阶階鞂锴鍇蝔街裓薢秸稭痎皆煯湝㾬䃈䕸佳偕喈堦媘楷
gai2A|35,解觧蚧薢檞
sai1B|21,𤿂膗嘥
sai3A|33,閷㬠䵘哂嗮晒曬杀殺
sai2A|35,鈢鉩蹝躧諰葈葸蓰舐縰繺纚矖璽玺漇䚕䢄壐屣徙枲
sai2B|13,舐舓䑛
sai1A|55,㩄㴓嘥
tai3A|33,㑀㑷𣳾𡘙𡛕钛酞鈦貸贷蚮肽粏燤溙㣖㤗㥭㳲傣冭大太夳忕忲态態汏汰泰
tai1A|55,𧘹呔
tai2B|13,軚舦
tai2A|35,太
mai1B|21,㜥𠹺霾薶㦟䁲䚑䨪埋
mai2B|13,鷶買蕒荬买嘪
mai3B|22,迈邁賣䀛䀜䜕佅劢勱卖売
mai2A|35,賣卖
nai2B|13,㚷㜷𠄎𡛾鼐釢迺艿疓㭆乃倷奶妳嬭廼氖
nai1B|21,㜨腉䍲奶妳嬭摨
nai3A|33,𠮨
nai3B|22,褦
nai2A|35,奶
nai1A|55,奶
lai2B|13,㚷㜷𠄎𣧂𡛾鼐釢迺艿疓㭆乃倷奶妳嬭廼氖
lai1B|21,㜨腉䍲奶妳嬭摨
lai2A|35,𦧺賴赖舐奶
lai3A|33,𠮨賴赖癞癩
lai3B|22,𡃤鵣頼顂酹賴赖襰褦落藾籁籟濑瀨瀬㲕㸊䄤䓶䠭䲚拉攋櫴
lai1A|55,𡝰鞡剌垃奶孻拉
hai3B|22,㒠㕢齘骱韰迦邂觟解薢薤瀣㳦䚸䦏䪥嗐廨懈械
hai3A|33,㖑齂㰡噧
hai1A|55,㗨㰨咳嗨揩欬
hai2B|13,㙰駭駴骇邂解蟹蠏薢獬澥䉏䲒嶰懈檞
hai1B|21,龤鮭鲑骸鞋鞵谐諧膎瑎㜾㥟㨙䙎䠹䠽䡡䯐䱺偕咳嚡孩欬
hai2A|35,鞋
kai2A|35,𢬿锴鍇蒈䒓楷
kai2B|13,𢬿
kai3A|33,炌炏烗
fai3A|33,㙕駃筷磈㟴䈛傀凷哙噲圦块塊墤快
fai2A|35,筷快
fai1A|55,快
ngai3B|22,㘷鴱銰譺艾芆苅砹㣻㲼䆓䖊䝽䢃乂刈唉娾
ngai3A|33,餲阨阸隘㿄䅬伌呃唉嗌塧
ngai2B|13,隗
ngai2A|35,诶誒矮欸
ngai1B|21,睚猚漄厑厓啀嘊堐崕崖挨捱涯
ngai1A|55,溾劸哎唉嗳噯埃娭挨
pai3A|33,鎃蒎㭛䖰哌沠派湃
pai1B|21,輫簰簲箄篺牌猅㵺䱝俳排棑
pai2A|35,牌排派
pai1A|55,派
wai1A|55,㗏㛻竵䴜歪
wai1B|21,㜳褢褱蘹耲瀤㠢䃶怀懐懷槐櫰淮
wai3B|22,蘾䠿坏壊壞
wai2A|35,坏壞
bai3A|33,㗑㠔䒔庍拜拝湃
bai3B|22,韛贁败薭粺稗㶔䢙呗唄惫憊敗
bai2A|35,襬䙓捭摆擺
bai1A|55,拜掰擘
gwai1A|55,㔞㾩䂷乖
gwai2A|35,𧊅蒯罫箉䓒怪拐枴柺
gwai3A|33,㧔䂯䊽叏夬怪恠
gun3A|33,貫𠍿𥖏𤎽鸛鹳鱹雚鏆鑵貫贯觀观罆罐礶祼盥矔瓘爟潅灌㮡㴦䗰䝺冠悹悺樌毌泴浂涫
gun1A|55,𥕜𣻻覌観觀观萖蒄莞窤倌冠官棺欟
gun2A|35,𤪔鳤館馆錧輨舘莞脘筦管琯璭痯䏓䗆䘾䦎䩪䪀䲘斡朊
mun1B|21,㒼㙢鬗颟鞔顢钔門閅门鍆蹒蹣菛虋穈瞒瞞璊玧㻊䊟䊡䐽䒥䜱䟂䫒亹们們悗慲扪捫樠
mun2B|13,𡦖𣂎𡠪𡒗鏋螨蟎満满滿㵍悗暪
mun1A|55,颟顢
mun3B|22,鞔闷燜焖㥃㦖悶懑懣
mun2A|35,門门满滿
fun1A|55,𣟂鴅鵍驩髋髖酄貆貛讙臗犿獾䝔嚾宽寛寬懽欢歓歡
fun2A|35,窽窾盥㯘䕀䥗䲌梡欵款歀
pun1B|21,𣁦鞶鎜蹒蹣跘螌蟠葐蒰般胖縏盆盘盤磐磻瓫湓瀊㩯㮽䃲䰉䰔媻幋弁搫柈槃洀
pun3A|33,鵥頖詊牉溿炍伴冸判姅拌拚拼沜泮
pun2A|35,翉翸盆盘盤伴拚拼
pun1A|55,番潘㢖㽃䆺
pun2B|13,伴
wun3B|22,㐾㛟𠗫𡞵𨩉輐逭貦藧缓翫肒緩瑍痪瘓煥玩烉焕㣪㪱㬇㬊㼫䀓䈠䛃䠉唤喚喛奂奐妧嵈忨愌抏换換涣渙
wun3A|33,𤧬䯛
wun1B|21,𢬎鶢雈锾鍰豲貆萈萑荁缓羦緩瓛爰狟獂湲㵹䝠䦡䴟垣媛峘援桓洹
wun1A|55,豌睕剜婠帵
wun2A|35,豌腕莞脘皖盌睆碗玩澣㼝䝹剜垸埦惋捥椀浣
wun2B|13,莞皖澣晥浣
bun3B|22,㚘鉡绊肨胖絆秚畔伴叛怑拌柈泮
bun3A|33,靽㪵㫠半坢姅
bun1A|55,褩般䈲搬
bun2A|35,苯粄畚㡷㮺㶱䉽䬳奙本楍
gwun3A|33,貫𠍿𥖏𤎽鸛鹳鱹雚鏆鑵貫贯觀观罆罐礶祼盥矔瓘爟潅灌㮡㴦䗰䝺冠悹悺樌毌泴浂涫
gwun1A|55,𥕜𣻻覌観觀观萖蒄莞窤倌冠官棺欟
gwun2A|35,𤪔鳤館馆錧輨舘莞脘筦管琯璭痯䏓䗆䘾䦎䩪䪀䲘斡朊
doet4Aa|5,飿饳咄柮
coet4Aa|5,㔘黜黢齣㤕䟣䢺出岀欪
zoet4Aa|5,㑁黜黢𠖎诎踤詘绌絀窡笜焌㰵䆯䘚䯿䱣倅卆卒崒崪怵憷捽揤泏
soet4Aa|5,㖅𨄮𣘚銊賉訹蜶蟀裇窣碿珬甩率㞊㲞㺷䘏䢦䳳卛卹咰帅帥恤戌摔欰
soet4B|2,𦸇𤇍鉥錰述術荗絉秫潏炢㤜䘤䢞䢤朮术沭
toet4Aa|5,迌湥䠈捸涋
noet4B|2,㕯鷸鹬豽貀訥讷袦肭䖓䟜吶呐抐
loet4B|2,㕯㖀㗚𨀞𠷈鷸鹬麜鷅豽貀訥讷袦葎膟聿肭繂箻篥硉瑮率溧㟳㠥㪐㮚䔁䔞䖓䟜䡃䬆侓傈凓吶呐垏垒塛壘峍嵂律慄抐搮栗
loet4Ab|3,膟
dong1A|55,㜭鐺铛襠蟷裆艡簹筜珰璫當澢㼕㽆儅噹当
dong2A|35,黨谠譡讜礑灙䣊䣣党垱壋挡擋攩档檔欓
dong3B|22,雼逿趤踼菪蕩蘯荡簜盪瞊砀碭瑒璗瓽玚潒䦒婸宕嵣愓戙
dong3A|33,闣當垱壋当挡擋档檔
cong2A|35,㒉𡡢駔驵闖闯鋹蒼苍磢㫤㼽傸僘厂厰廠惝戃敞昶氅
cong1A|55,鸧鶬螥蒼舱艙苍疮瘡獊滄濸䄝䚎䱽䲝仓仺伧倉傖凔刅创刱剏剙創嵢沧
cong1B|21,鑶蔵藏臧疒牀㡖㵴㶓䃥䒙䚒䭚噇幢床橦欌
cong3A|33,賶䅮䢢创刱剏剙創怆愴
zong3A|33,㘸𢦀髒葬脏焋塟壮壯壵戅戆戇
zong1A|55,㛇𥊙𥺁𥅾𤕸髒賘贓贜赃装裝藏臧荘莊羘脏粧糚牂湷㮜㽵䊋䍧䍭匨圧壮壯奘妆妝娤庄庒桩梉樁
zong3B|22,𡘾銺賍赃藏臓臟臧脏状狀獞漴僮噇奘幢弉撞
zong2A|35,駔驵状狀撞
kwong3A|33,黋鑛鄺邝絋絖纊纩穬矌矿礦爌犷獷䵃丱卝圹壙夼懬懭扩擴旷昿曠
kwong1B|21,鵟軖軠诓诳誆誑狂抂
kwong2A|35,鄺邝儣
kwong1A|55,䯑
gong1A|55,㓻𣷣𥙑𤈛𢜟𩧉黆阬钢釭銧鋼輄豇苀茪茳缸罁罡肛胱綱纲矼碙珖瓨疘牨犅灮炗炚炛烡㟠㟵㧏㫕㭃㭎㹰㼚㿠䌉䒮䚗䜫亢侊僙光冈冮刚剛咣垙堈堽姯岗岡崗扛掆摃杠桄棡江洸
gong3A|33,𩄐𡶶𩑈降鎠钢鋼袶臦臩绛絳焵焹㤮㫛㭎䜶佭夅撗杠杢桄棡槓洚
gong2A|35,𪇵顜迋诓诳誆誑講讲耩犷獷㼅㽘䇊䴚傋广広廣桄港
song2A|35,颡顙鎟鏯褬縔磉爽漺䔪䗮䡦䫙䫪嗓塽慡搡樉
song1A|55,䘮䮣丧喪嗓桑桒榋槡
song3A|33,䘮丧喪
tong1B|21,㑽㙶㜍𡠠𤎌鶶餳餹饄饧隚鎕鏜镗闛鄌醣逿赯踼螗螳蓎膅膛糃糖糛禟篖瞠磄瑭煻溏漟㭻㲥㼺䅯䉎䌅䑗䕋䣘䧜傏唐啺坣堂塘幢搪棠榶樘橖
tong1A|55,㓥鼞鞺鏜鐋铴镗闛蹚趟蝪薚羰湯漡䞶䠀劏嘡汤
tong2A|35,𡛀黨鎲鐋钂铴镋蹚躺趟耥糖矘爣㼒㿩䠀伖倘偒傥儻党唐堂帑惝戃搪曭棠淌
tong3A|33,鐋铴蹚趟熨燙湯烫䟖䠀摚摥汤
tong2B|13,搪
mong2B|13,㒺㓁𣙷𦉫𦉪龬魍輞辋誷蛧蝄蟒蠎菵茻莽莾纲网罔罖網硥漭㟐㬒䁳䃃䋄䋞䒎䒽䥈䰣䱩壾妄惘棢
mong1B|21,𠨑𦮝𩷶駹铓釯鋩邙蛖蝱蘉虻芒茫莣笀硭痝牤牻狵㟌㡛㤀㤶䅒䓼䖟䗈䵨亡亾兦厖吂哤娏尨庬忘忙恾杗杧氓汒浝
mong1A|55,芒网網牤䰶杧
mong3B|22,盳望朢
mong2A|35,望
nong3B|22,㚂齉儾
nong1B|21,鬞饢馕瓤䁸嚢囊囔欜
nong2B|13,饢馕灢㶞擃攮曩
nong1A|55,囊
nong2A|35,囊
long2B|13,㓪㙟𡏅𡦀𤎜𤨡饢馕阆閬誏蓢灢烺㮾㶞塱崀悢擃攮曩朖朗朤樃
long3B|22,㚂齉阆閬蒗莨㝗㫰䍚䕞儾埌崀晾浪
long3A|33,𢲲
long2A|35,𠺘郎螂狼囊廊
long1A|55,𠺘啷囊
long1B|21,鬞饢馕駺阆鎯锒閬郎郒郞鋃躴踉蜋螂蓈艆莨稂筤硠琅瑯瓤狼㝗㟍㢃㱢㾿䁸䡙䯖䱶勆哴嚢囊囔嫏廊晪桹榔欜欴浪
hong1A|55,㑌𡐓𤎖鱇鏮躿邼诓誆腔舡羫粇糠穅筐筺眶矼砊硄漮㝩㰠㱂㳝㼹㾤䒰䖱䗧䦭䬕俇劻匡匩哐啌嫝嵻康恇框椌槺洭
hong1B|21,𠵉𣃚𦶢鸻魧鴴颃降頏迒貥跭蚢行航绗肮絎笐筕㤚䀪䘕䲳吭塂斻杭栙桁沆
hong3B|22,𣚺项項銗衖缿㟟䟘䢽䣈巷桁
hong2A|35,𣚺项項行衖䁰䉺䐟䡉巷忼慷
hong2B|13,酐沆
hong3A|33,炕烘
kong3A|33,黋鑛钪閌闶鄺鈧鉱鋛邝邟絋絖纊纩穬矌矿砊砿礦爌犷犺獷炕䊯䵃丱亢伉匟卝囥圹壙夼奛懬懭扩抗擴旷昿曠
kong1B|21,鵟軖軠诓诳誆誑狂狅㾠忹抂
kong2A|35,鄺邝㢜儣忼慷
kong1A|55,䯑扛摃
fong2A|35,㑂𤒼𣆤𣆥𨻙鶭髣鎤谎訪詤謊访舫芒纺紡縨皝皩眆瓬熀滉炾㧍㨪䁜䲱仿倣兤坊宺幌彷怳恍愰慌房放旊昉昘昞晃晄榥櫎況
fong3A|33,𧵦軦貺贶趽眖况岲放況
fong1A|55,芳𤤁𣇷鴋钫鈁錺邡谎詤謊蚄衁芳荒肓肪牥㠩㠵㡃㡆㡛㤃㤺㬻㭶㵁䀮䄱䐠匚坊塃巟慌方朚枋汸淓
fong1B|21,魴鰟鲂鳑防坊埅堏妨房
fong3B|22,䢍
ngong1A|55,㒕骯肮眏㹧姎
ngong2A|35,𡟸軮盎㼜傟慃
ngong3A|33,骯醠軮肮盎㼜䐥䤑
ngong1B|21,㟅㭿䀚䒢䩕䭹卬岇崸昂昻
ngong2B|13,䭺仰佒昂
ngong3B|22,戅戆戇枊
pong3A|33,㕩谤謗艕炐嗙挷搒榜
pong1B|21,𤧭龎龐鰟鳑雱霶逄螃蒡膀舽篣磅滂㝑㥬㫄䅭䠙䨦傍厐厖嫎尨庞庬彷徬房旁汸
pong1A|55,雱霶膀膖耪胮滂䏺䏾䨦乓汸
pong2A|35,覫䒍
pong2B|13,蚌蜯耪䂜䎧䖫䰷嗙
wong1A|55,㑌㒬𡯁𡯂䶭尢尣尩尪尫汪
wong2A|35,𠶖黃簧王瀇㲿㳹㴏凰暀枉
wong1B|21,𤾗鷬黃黄鰉鱑鳇餭騜隍韹鐄锽鍠遑趪諻蚟蝗蟥葟艎簧穔篁磺璜癀皇煌熿獚王湟潢㞷㣴㶂㾮䅣䊗䊣䍿䑟䞹䪄䮲䳨仼偟凰喤堭墴媓崲彺徨惶
wong3B|22,迋王䌙旺暀曂
wong2B|13,往徃徍
bong1A|55,𨧜鞤邦邫縍㨍㿶䢶䦁䩷垹峀帮幇幚幫梆浜
bong2A|35,髈鎊镑蒡膀绑綁磅牓㮄嗙榜
bong3B|22,鎊镑蒡稖磅甏䧛傍埲塝旁榜
bong3A|33,艕甏
gwong1A|55,𥙑𤈛𩧉黆銧輄茪胱珖灮炗炚炛烡㫕㹰㿠侊僙光咣垙姯桄洸
gwong3A|33,𩑈臦臩㤮㫛撗桄
gwong2A|35,𪇵迋诓诳誆誑犷獷㼅䇊广広廣桄
dok4B|2,鐸铎鈬踱襗㤞䐾凙剫喥度
cok4Ab|3,错錯逪莡䱜剒娖戳擉
zok4Ab|3,㑅㘀飵㤰䞢乍作岝岞怍昨
zok4B|2,𨬭鸀鵫鷟飵鑿酢鈼鋜躅蠗葃莋糳秨稓笮筰砟濯灂㤰㸲㺟䋏䎰䝫䥣丵凿岞怍擢昨柞浞
kwok4Ab|3,㗥鞟鞹漷㨯廓彉彍扩拡挄擴
gok4Ab|3,㕵𧰒𤤴𧢲龣𤦂鵤馘阁霩顜铬閣閤郝郭鉻覐覚覺觉角觳蝈蟈袼蔮腘膕聝肐胳簂硌瑴玨珏漍漷㬑䁷䂸䆐䇶䡈䧄䧐䬎傕各咯啯嘓囯囶囻国圀國埆墎崅崞帼幗廓彉彍彏慖捔掴搁摑擱敋斍斠旮桷梏椁槨櫊
gok4Aa|5,咯
sok4Ab|3,𢱢𦂗鎍鎙萷蒴索箾矟溹㮦㮶䅴䌇䖛嗍嗦嗽塑揱搠数數朔槊欶
sok4Aa|5,𢱢㩋㪩
tok4Ab|3,魄魠飥饦馲驝跅託讬袥萚蘀籜箨乇仛侂庹托拓杔柝槖橐汑沰
mok4B|2,𪅐鏌镆鄚邈貘膜莫瞐瞙瘼獏漠㡍㦝㱳㷬䒬䮬劰嗼塻寞幕幙暯
mok4Aa|5,剝剥
nok4B|2,𢜪锘鍩诺諾䚥喏掿搦搻
lok4B|2,㓢𨿅𠘙𢜪鮥鵅駱骆铬锘鉻鍩躒诺跞諾落荦络絡礫砾硌硦犖濼㦡㪾㴖䀩䎊䚥乐咯喏嗠峈掿搦搻楽樂橐泺洛
lok4Ab|3,餎饹駱骆雒铬酪鉻躒跞荦络胳絡笿硌珞犖漯烙咯洛洜
lok4Aa|5,落旯
hok4Ab|3,㕰𨧣𤌍蠚癋熇䤕嗀嗃壳殻殼
hok4B|2,㙾𢻯鷽鸖鸴鹤鶮鶴隺雤靏貈貉觷謞翯皬矐燢狢澩㰒㶅㿥䅂䮤䳽䶅佫学學寉峃嶨敩斅斆斈泶
kok4Ab|3,㕡㗥㙜𡌃𤥢𢡱鞟鞹郝觳蠚臛礭矐硞确確碻礐熇燩漷㤩㨯㰌㱋㱿㲉㴶埆塙墧壑廓彉彍恪悫愘愙愨慤扩拡挄搉擴攉榷毃涸
kok4Aa|5,㩁搉
fok4Ab|3,霍靃靍钁躩貜蠼藿臛缚縛矆矍矡癨爴玃漷瀖㸌㸕㺢䁨䂄䣤䦆劐彏戄攉攫曤欔
ngok4B|2,㓵㖾㗁咢𩓥𨕬𨯫鸑鹗齶鰐鱷鳄鶚颚顎鑩锷鄂鍔遌遻谔覨諤讍萼蕚蘁腭㟧㠋㦍㬽㮙㹊䣞䥃䫷乐偔卾咢噩堮岳崿嶽愕捳樂櫮湂
ngok4Ab|3,𤦩蝁肟琧僫噁垩堊恶悪惡
pok4Ab|3,㙸髆鞄鏷钋镤醭釙蒪粕瞨璞猼炇烞㹒㺪䄸䇚䎅䨰䩝䪖䪙剝剥噗圤墣扑撲擈攴攵朴樸檏
pok4Aa|5,𦢊㿺
wok4Aa|5,𡆇
wok4Ab|3,鸌鹱雘臒矱㬦劐彟彠
wok4B|2,鸌鹱鑊镬蠖蒦艧获耯籆籰約约穫篗矱瓁瓠獲濩㦜㯉䈅䉟䢲䨥劐嚄嬳彟彠擭檴
bok4Ab|3,㗘𨍭餺馎駁駮驳髆鎛鑮镈趵襮膊缚肑胉簙縛禣煿牔猼㬍䍸䗚䙏䥬䪨䬪䯙䰊䶈亳僰博嚗嚩壆愽搏暴欂
bok4B|2,魄髆雹铂鉑豰踄謈萡蒲薄舶艊礴窇箔礡瓝瓟犦濼㵡㼎䂍䈏䥤䨌䨔䪇䭦仢懪欂泊泺淿
bok4Aa|5,髉㩧䃗䑈攴
gwok4Ab|3,㕵𧰒𤦂馘霩郭蝈蟈蔮腘膕聝簂漍漷㬑䂸䆐䧐䬎啯嘓囯囶囻国圀國墎崞帼幗廓彉彍慖掴摑椁槨
juk4Aa|5,㓇𢒰𨚼𨘀𨩄𣸭顼隩頊鐭鋈逳郁薁艈稢稶礇焴煜燠澳㤢㦽㰲䉛䛙䜡䤋䥝勖勗喐奥奧彧戫旭昱朂毓沃
juk4B|2,𩢤𨌯𡊩𤣩𪇟𡛼𦱀𣫺鹆鬻鳿鵒钰鄏鈺鋊錥軉輍辱谷蜟袬褥蒮蓐蘛缛肉育粥縟砡硲狱獄玉溽㣃㥔㦺㻙䄾䋭䘻䞝俼儥哊喅嗕堉媷宍峪慾棛欲毓浴淯
duk4Aa|5,𡰪𢽴錖裻笃篤督㞘㧻䐁䔍剢厾叾
duk4B|2,黩黷顿騳髑韇韣韥頓鑟读豄贌贕襡読讀讟菐翢纛窦竇皾碡瓄牍牘犊犢独獨瀆㱩㸿㾄䓯䢱䪅䫳䮷凟匵嬻椟櫝殰毒涜渎
cuk4Aa|5,㙇𨀂鼀齪齱龊𣙙餗顣鑡閦鄐蹙蹴蹵速遬豖趋趍趗趣趨踀踧触觫觸誎諔蓄蔌蔟脨簌稸竐簇矗珿琡畜瘯滀㯈㾥䇍䇿䎌䓎䙒䛤䜹䟟䟳䠞䲇䵸亍促俶傗嘼埱娕娖媨慉憱戚捒搐摗敊数數斶束槒樕歜涑
cuk4B|2,畜
zuk4Aa|5,㔉㗤鸀鬻钃鋜足踿触觸蠋蠾蒆臅茿粥縬祝穛竹竺笁筑築篧篫瞩矚瘃燭爥灟烛䈞䌵䕴䙯䟉䥮劚哫喌嘱噈囑孎属屬拀捉斶斸曯柷欘浞
zuk4B|2,㛩𡂝鱁鏃鐲镞镯鋜躅軸轴逐贖赎蓫藚舳续続續瘃濁㞺㵀㹿䃚䕽䠱䮱俗嗾妯族柚浊
zuk4Ab|3,瘃捉
guk4Aa|5,㘲𦥑𡡣𣚭鹄麯麴麹鵠鵴陱鞠鞫锔锯閰鋦鋸躹輂轂逧谷趜踘諊菊蘜粷糓穀牿濲瀔㥌㩴㮂㯏㹼㽤䀰䋰䏱䐨䕮䜼䡞䱡䳔䶜俈匊吿告唂唃喾嚳婅巈挶掬曲梏梮椈榖毂毩毱泦淗
guk4B|2,駶驧锔鋦輂跼焅焗䎤䗇䜯䪕侷局挶梮檋
suk4Aa|5,㑉㑐㑛㓘㔄㙌㜚𤢂鷫鹔鮛鱐餿馊驌骕鋉蹜谡趚跾謖蓿藗虪莤缩肃肅粛粟縮珟璛玊潚潥焂㝛㬘㯨㴋㴼㶖䃤䅇䌚䎘䏋䑿䔎䥔䨹䱙倏倐僳儵叔夙宿憟掓摍樎橚櫹殐洬
suk4B|2,㒔鸀钃贖赎襡襩蜀菽薥璹熟㯮㳤㻿䃞䄣䙱䞖䴰塾婌孰尗属屬淑
suk4Ab|3,索
tuk4Aa|5,鵚鋵禿秃痜䛢
muk4Aa|5,㕲
muk4B|2,㜈𥟟𣏦雮霂鞪钼鉬蚞艒苜缪罒繆穆目睦牧狇炑㣎㧅㾇䀲䅙䊾䑵仫坶朒木朩楘毣沐
nuk4B|2,衂衄肭䂇䖡䘐䚼䶊傉忸恧搙朒沑
luk4B|2,㓐㖨㛬㜙𣊭𣊫𤀼𩣱鹿𠯿鯥鵦鵱騄騼陆陸鏕醁錄録錴蹗逯谷趢踛角觮觻螰衂衄菉蓼蔍膔绿肭簶籙粶綠緑祿禄稑穋箓盝睩碌磟琭甪熝漉㟤㦇㪖㫽㼾䂇䃙䌒䍡䎑䎼䐂䖡䘐䘵䚄䚼䟿䡜䩮䱚䴪䶊傉僇六剹勎勠圥坴塶娽廘彔录忸恧戮搙摝朒椂樚氯沑淕淥渌
luk4Aa|5,麓轆辘簏箓睩碌㯟
huk4Aa|5,㜅鍙荲㲄㷤䧊䵈哭嚛
huk4B|2,𪄣鹄鵠頶酷觳螜蔛縠熇燺瀫焀㩂㪶㽇䈸䚛䞱䧼嘝斛槲
kuk4Aa|5,㖆麯麴麹髷蛐粬筁㻃䒼䢗匤峼曲浀
fuk4Aa|5,㙏𩜲𧄦鰒鳆鶝馥鍑鍢輹輻辐踾覄覆諨蝠蝮複葍蕧腹福稪䋹䌿䕎䕐䨱䫝复幅復
fuk4B|2,㚆鮲鴔鵩襆襥袱菔葍蕧虙茯絥緮纀箙畐癁澓㠅㬼䟮伏匐复宓幞復斛服栿棴椱洑
nguk4Aa|5,箼䑁剭屋
puk4Ab|3,钋釙蹼
puk4B|2,瀑仆
puk4Aa|5,仆扑撲
buk4B|2,㒒𨆯𥣈𡂈𣾴鏷镤醭蹼轐襆襥襮纀穙濮瀑㬥㯷㲫䑑䗱䪁䴆仆伏僕幞暴曝朴樸
buk4Aa|5,㓀𪋿鸔鳪虲獛䃼䧤卜卟
jik4B|2,㑊㔴㘁㘈㘮㚤𦐂龮𦏵鹝鹢黓𤥂𤥿鯣鶂鶃鷁鷊駅驛驿骮隿霬醳释釋釴鈠逆译豛訳譯蛡蜴虉腋艗芅绎翊翌翼縌繹穓睪疫痬焲熤熼燚燡獈湙瀷炈㠜㢞㴒㶠㷜䄩䋇䋚䌻䓈䘝䘸䠶䣧䦴䭞䯆䳬䴬亦伇圛坄垼埸墿奕射屰峄嶧嶷帟弈弋役怿懌掖斁易曎杙棭榏歝洂浳液
jik4Aa|5,㜋𡄯齸鬩饐阋醷貖訲螠膉臆肊繶益澺㴁䓇䖁䦧亿億嗌壹忆憶抑檍
dik4Aa|5,𢯊馰靮鏑镝蹢适適豴菂甋的玓滴㠃㢩㰅䵠唙啇嘀墑嫡旳樀
dik4B|2,𣶻鸐𢣷頔鏑镝鍉迪逐踧覿觌蔋蔐藡荻翟籊狄滌滴滺㣙㹍䊮䨤䯼䴞唙嘀嚁廸敌敵梑浟涤
cik4Ab|3,㓨赤蚇刺刾
cik4Aa|5,𦭐𢘛鼜鶒鷘飭飾饬饰鏚鉓遫趩踖蚸螫蓛磩㞝㡿㥻㭊㰗㽚䂨䔩䗩䚍䟄䳵侙傶刺勅勑叱呹哧嘁彳恜慗慼慽戚抶摵敕斥析槭
zik4Aa|5,㑡㘉鯽鰿鲫陟蹟軄迹跡踖蝍蟙襀蘵膱织绩聀职職胑綕績織禝积稷積硛碛磧癪皍溭漬㮨㹄䐈䐚䟱勣即卽唧啧喞嘖堲嬂帻幘廭徏戠枳樍樴渍
zik4B|2,㒱𥱊𡸜𡸽釸躤遈邜踖蛰蟄褯蓆藉芕耤籍禃稙穸直矽煶犆湜漃潪㥀㯰㵓䚐䣢䵂値值嗭埴塉夕寂席庴捑植殖汐淔
zik4Ab|3,鹡鶺蹐蹠跖膌脊瘠癠炙䳭
kwik4Aa|5,隙隟郥䠐䱛
gik4Aa|5,鸄隔革轚谻襋譤蕀艻茍犱激焏㦘㦸㯤㻤㻷䁶䓧䩯丮亟击墼戟撃撠撽擊棘橶殛毄
gik4B|2,㥛㭲极極
sik4Aa|5,㗭㙽㛫㛭𣈏𥇦飭飾餙餝饬饰骰鎴鏭铯鄎醳釈释釋鉽銫軾轖轼适適赩襫識识蜥螅螫蟋衋裼菥蒠蕮腊舃舄色籂緆繬穑穡穯窸皙睗磶瘜焟焬熄潟澀澁澙澤濇烒㝜㫺㭊㮩㱇㱤㴧䀌䁺䉢䤭䭒冟唽啬嗇奭媳嬕式怷怸怾恜息悉惁惜懎扸拭昔晰晳晹析栻檡泽涩淅
sik4B|2,食蝕蚀篒
sik4Ab|3,锡錫裼刺
tik4Aa|5,铽鋱躍适逖逷逿適貣貸贷趯跃裼脦籊瓋狄㥂㧹䢰䯜俶倜剔匿忑忒悐惕惖慝掦擿歒
mik4B|2,鼏銯覓覔覛觅羃簚糸熐漞濗㨠㯒㵋䁇䈿䌐䖑䣾䮭冖冪塓幂幎幦汨
nik4Aa|5,衵糑眤溺䁥䘌䵑䵒匿嫟嬺搦搻昵暱榒
nik4B|2,疒溺㥾㲻惄愵氼
lik4B|2,㔏𤃉𢟍鬲鱳鳨雳靂靋鞷鎘镉郦酈轣赲讈蝷蒚藶苈礰秝皪磿瓑疒疬癧爏溺瀝㠣㥾㧰㬏㱹㲻㷴㺡㻺㽁㿨䍥䍽䔉䟏䟐䤙䥶䮥䰛䰜仂儮力劷历厤厯呖嚦坜壢屴惄愵擽攊暦曆朸歴歷氼沥
lik4Aa|5,𤄿雳靂躒轢轹跞衵糑礫眤砾瓅爍溺濼瀝烁䁥䃯䘌䵑䵒力匿叻呖嚦嫟嬺扐搦搻昵暱枥栎榒檪櫟櫪沥泺
hik4Aa|5,赥㤸㦦䈪䵱
kik4Aa|5,𠽤𢲈缼揢棘欫
fik4Aa|5,𠱥弗
pik4Aa|5,鷿鸊霹闢釽銢辟稫礔礕甓癖澼㱸䑀䡶䤨䴙僻副劈噼堛憵擗椑
wik4B|2,㚜魊阈閄閾蜮罭緎窢琙㽣䈅䍞䧕䮙域惐或棫淢
bik4Aa|5,㘠𤾩鼊𤩹鰏鲾鐴躃躄辟迫逼襞腷綼繴皕碧璧疈皀煏湢㨽㷶䧗䫾䮠偪壁廦廹愊愎扑揊楅
bik4B|2,𠁆
bik4Ab|3,璧壁
gwik4Aa|5,鼰鼳鴃鵙鶪馘阒隙隟閴闃郤郭郹郄覤虢虩绤聝綌盢瞁犑狊湨烅㶁㷦䂆䦗䧍䱛䴗伵侐殈洫淢
jip4B|2,㒯㗼㜸𦠜𪃸𣜿𨭥鸈页驜頁鎑鐷鄴鍱邺蠥葉蘖糱糵皣瞱瞸璍燁爗澲烨㡤㱉㷸㸣䈎䢡䥡䧨䭎䭟䲜业偞僷叶墷孼孽嶪嶫幉揲擖擛晔曄曅曗枼枽枿楪業櫱殜
jip4Ab|3,𩸆餣饁馌靥靨鄓醃腌㡋㩎㪑㱌䁆䎨䤶䱒嚈掖擪擫殗
dip4Ab|3,㑙跕聑䪓挕
dip4B|2,𣜖𣿫𢶣鰈鰨鲽鳎谍跕蹀諜蜨蝶褋褶褺艓碟畳疂疉疊牃牒㥈㩸㩹㬪㲲䙝䠟䴑叠唼啑喋垫堞墊惵揲曡楪殜氎涉渫
cip4Ab|3,㒤𣠺鯜鏶鍓踥詀緁穕㤴㨗㳧䌌䧪呫唼啑妾捷淁
zip4Aa|5,𡀞
zip4Ab|3,𣶏鮿霅銸輒輙辄襵詟謺讋讘褶菨脻艥緁㡇㢎㫸㭯㴺㼪䀹䌌䎲䐑䜆䝕嗫囁慑慴慹懾折接摄摺擑攝椄楫檝浃浹
zip4B|2,䝃崨
gip4Ab|3,𠲵鵖鉣蜐衱袷硖硤澀澁濇瀒㤼㥘䀷䂶䛟刦刧刼劫抾歮涩渋
gip4B|2,陿狭狹夹夾拾昅
gip4Aa|5,喼
sip4Ab|3,𤗈𠓼蜨鞢韘躞詟讋蠂葉睒滠灄㦪㰔㰼㴇㽊䀹䕈䜓䤮叶屟屧弽徢慑慴懾拾揳摂摄攝欇歙涉渉
tip4Ab|3,貼贴跕萜㤐䩞䴴䵿呫帖怗
tip4Aa|5,貼贴
nip4B|2,㘨㚔𦘒𣀳𣎴顳颞陧隉鎳鑈鑷镊镍闑錜蹑躡踂踗踙菍蘖臬臲苶聂聶籋湼㩶㸎䇣䌜䌰䎎䯀䯅䳖嗫囁帇捏捻掜揑摄攝敜槷櫱涅
nip4Aa|5,𠱃鎳镍
lip4B|2,㘨㚔𦘒𣀳鼡𣎴鬛鬣鱲顳颞陧隉鎳鑈鑷镊镍闑錜蹑躐躡邋踂踗踙菍蘖腊臘臬臲苶聂聗聶籋犣猎猟獵湼㩶㬯㯿㲱㸎㼲䇣䉭䌜䌰䎎䜲䝓䪉䯀䯅䳖儠嗫囁巤帇捏捻掜揑摄擸攝敜楋槷櫱涅
lip4Aa|5,𨋢𠱃鎳镍䢂
hip4Ab|3,㙝㛍膁肷胁脅脇脋熁燲㢵㤲㥦㶸㹤㾀㾜䁋䏩䏮䝱劦勰协協厒叶嗋嗛垥夹夾怯恊悏惬愜愶慊抸拹挟挾旪歉
hip4B|2,㥦劦叶嗛惬愜挟挾
kip4Aa|5,喼
jin2B|13,㒄㕣遃衍萒睍甗演䍾䗺䛇伣俔兖兗嵃巘悓抁晛椼沇渷
jin1A|55,㖶鸳鴛阏閼鄢菸蔫臙胭綖篶珚煙燕湮烟焉焑㷑㸶䍰䑍䗎䞛咽嫣殷
jin1B|21,㘋㜣𤥻𨧻𨦼𨒂𤉷鑦郔鋋賢贒贤言誸蚿蜒葕蔅舷莚羡羨肰胘絃綖繎筵研硏礥琂痃然燃狿湺漹焉㝚㢇㢺㭹㳄㳭㵪㸐㹂㿼䀽䂴䇾䊙䓂䔳䕼䖄䗡䝨䢥䳿伭唌嘫埏妍妶姸娫娮娹婱延弦揅涎
jin3B|22,𩃀齞齴𡷹鬳鑧鋧谚谳見覎见觃誢諺讞臔苋莧研砚硏硯現现㦓䂩䏹䙹䢭䵡咞哯唁喭垷娊岘峴彥彦涀
jin2A|35,𤤾𧗠𣶹鼴鼹𠍾𤦷鮟鰋鶠隁郾躽蝘衍褗縯睍砚硯甗然燕演㫃䤷偃兖兗匽堰墕嬊嬿巘巚愝戭晛毽沇
jin3A|33,𤫇𤒈𨯧𥗕鷰驠酀醼觾讌燕烻㬫㰽㷼䜩䞁䴏傿咽唁嚥嬿宴曣椻
din1A|55,㒹齻颠顚顛蹎碘甸瘨癫癲滇㰜傎厧嵮巅巓巔攧槇槙
din3B|22,𤩱電靛钿鈿琔电甸癜澱㞟㭵㽗佃唸垫墊壂奠婝橂殿淀
din2A|35,蕇碘痶猠䓦典垫墊婰捵敟椣
din3A|33,垫墊
cin1B|21,㕓㙻𥗛騚钱鄽銭錢躔辿缠緾纏纒湹瀍㢆䣑偂前壥廛歬
cin1A|55,𦭛𦒘𤣳阡韆钎釺迁遷谸芊㢟䀒䉦䊹䙲䙴䢬䢴仟千圱圲奷扦拪杄梴櫏
cin2A|35,阐钱闡錢譂蒇蕆燀灛䥀䩶䵐冁啴嘽囅幝斺浅淺
cin2B|13,践踐㣤䧖俴
cin3A|33,硟刋
zin2A|35,㔊㜊𢅺𨃨𦟌𤧷𧬆𨫀𢶕𣺹𣜭鬋阐鎆钱閳闡錢蹍輾辗辴谫蹇諓謭譾蒇蕆翦皽碾瑐瀽㞡㠭㨵䁴䆄䡀䩅䱼冁剪劗啴嘽囅垫墊媊嫸展帴彅戩戬揃搌椫榐樿橏
zin3A|33,𩥇顫颤餞饯襢諓葥薦荐糋箭牮湔溅濺䬻垫墊战戦戰擶栫榗櫤洊
zin1A|55,𤐄鸇鹯鱣鳣飦饘馢驙鬋鞯韀韉邅葏膻缄羴羶脠籛緘笺箋篯碊煎牋湔溅濺㡐㦮㫋㮍㮵㰄㷙䇳䊕䍹䔐䙁䱳冿帴戋戔揃旃旜枬栴椷椾毡氈氊浅淺
zin3B|22,賎賤贱践踐袸臶缠纏珔瀳
gin1A|55,㑠𣻹𧜶麉𡠩鰹鲣鳽鵳餰靬鞬钘鈃銒豜豣菺肩睷熞犍猏㡉㭴㸫䋗䌑䑷䭈䶬坚堅惤樫
gin2A|35,㔓鰎趼蹇謇藆研硏湕瀽㩃䄯䅐䟰䮿䵤件弿挸楗
gin3B|22,𨫡鑳键鍵踺件健寋徤楗
gin3A|33,𤧣鋻迠見见腱䇟建旔毽
sin1A|55,㒨𣳈鮮鱻鲜酰蹮躚跹褼苮籼秈珗㲔䄳䄽䉳䘰仙僊僲先埏奾屳廯氙
sin3A|33,𥔱𨃩𠜎騸骟霰鏾鐥钐釤輤謆腺线缐絤綫線篟皘煽㪇㮼䑶䛹䡪䤼䥇䦂䦅䨘䨷䵇傓扇搧棈
sin3B|22,𣺋𥖄𨬢𥛶饍阐鐥闡鄯贍赡譱蟮蟺蒨蔳膳茜缮羡羨綪繕禅禪箐磰㪨㵛㷽䦅倩僐单善單墠墡嬗掸撣擅敾椫樿歚
sin2A|35,鮮鱔鲜鳝铣銑鍌赻跣藓蘚线線禒筅箲癣癬燹狝獮烍㧥㭠㶍㾌㿅䚚冼姺尟尠扇毨洒洗
sin2B|13,鱓鱔鱣鳝鳣灗䱇䱉
sin1B|21,鋋蝉蟬禅禪澶儃单單
tin2A|35,㙉靦錪賟覥觍腆琠田㥏䐌䠄䩄倎唺捵淟
tin1A|55,𠀡靔靝䀖䒶䚶兲天
tin1B|21,𡊰鴫鷆鷏阗钿闐鈿蜔磌璳田甸畋畑畠滇㧂䟧䡒䡘䥖䧃佃嗔塡填寘屇搷沺
tin2B|13,睓㥏殄
tin3A|33,睼瑱
min1B|21,㒙𤁗蝒臱芇绵綿緜眠矈矊矏㝰㮌㰃䃇䏃䡻䫵䰓婂媔嬵宀杣棉檰櫋
min2B|13,㜶𠡳𣈳鮸靦葂腼缅絻緬眄㝃㨺䀎䤄䩄丏俛偭免冕勉勔喕娩愐汅沔湎
min3B|22,麪麫麵麺面靣糆㴐䛉
min2A|35,面棉
nin2B|13,𨃨蹍輾辗碾拈撚涊
nin1A|55,𢆡脌
nin1B|21,鵇秊䄭䄹哖年
nin2A|35,躎跈簐㞋㮟䟢年拈捻撚
nin3B|22,㬗㲽姩
lin1B|21,㜕𤪼𤂍𠁎𡂴鰱鲢鵇蹥连連謰裢褳蓮莲翴縺秊琏璉漣㟀㥕㦁㦭㶌㺦䄭䄹哖嗹嫾年怜慩憐梿槤櫣涟
lin2B|13,𨃨鄻蹍輦輾辇辗碾琏璉僆拈摙撚撵攆涊
lin1A|55,𢆡脌
lin3B|22,鰊鏈链錬鍊萰练練瑓煉炼㪝㬗㲽㼑䃛堜姩媡楝浰湅
lin2A|35,鏈链鍊躎跈蓮莲簐炼㞋㮟䟢年拈捻摙撚梿槤
hin1A|55,㗔𣔙𨪚鶱騫骞雃锨鍁軒轩蹇諐謇蚈褰蓒茾縴纤祆牵牽㩷䄏䆭䇂䗗䙭䞿仚佡嘕岍幵忺愆掀掔搴撁攐攑攓杴汧
hin2A|35,顯韅顕鑓遣谴譴蚬蜆蜸衍缱繾灦㫫㬎䗾䘆䜢䥪䧋幰抮搟攇显櫶
hin3A|33,芡縴纤献獻瀗㯠䧮䪈䭤䵖䵛儙宪憲
kin1B|21,㓺鰬騝虔犍㨜䖍乹乾墘掮揵榩
kin2A|35,㨴
pin1A|55,㓲鶣蹁蝙萹编翩編篇甂煸犏㾫偏囨媥扁
pin1B|21,㛹駢騈骈骿谝賆跰蹁諚諞腁缏胼緶玭㼐䮁便楄楩
pin3A|33,魸騗騙骗遍片㴜㸤䏒徧
pin2B|13,谝諞
pin2A|35,貵覑片惼
bin1A|55,鯾鯿鳊鞭鍽辫辮边邉邊蝙萹缏籩緶笾箯砭煸牑猵獱㺍䟍揙
bin2A|35,鯾鯿鳊鴘貶贬褊萹藊糄稨窆砭碥㦚䁵䭏便匾惼扁
bin3B|22,閞釆辡辧辨辩辯边邊邲覍艑苄玣炞㝸㭓㲢㳎㵷㺹䉸䒪䛒䡢䪻便卞峅弁忭抃拚昪汳汴
bin3A|33,變㣐亪变変
jeok4B|2,㒢㜰鸙龠龥鰙鰯鶸鑰钥鄀躍谑跃謔葯蒻薬藥蘥虐若药籥籲纅礿禴箬篛硸疟瘧爚瀹㰛㵸㿑䋤䐞䖃䖈䖋䟑䠯䤀䨋䶳偌叒吁婼嵶弱曰栎楉櫟汋渃
jeok4Ab|3,躍趯跃葯药約约
deok4Ab|3,𣄽诼諑琢㭬刴剁啄啅噣椓涿
ceok4Ab|3,㔬㚟𥇍𦋐𢂚鹊鵲躇辵逴趞趠踔蔟芍绰綽繛窧皵碏磭焯灼㪬㲋㹱䇎䓬倬勺卓噱娖婥婼戳桌棹槕淖
zeok4Ab|3,㒂㓸𨧧𥼚𨫠𥫩𨰜鹊鵲雀鐯酌謶著芍缴籗籱繳禚穱皭皵着硺琸焯焳熦爑爝爵犳灼烵㣿㩱㬭㹱䅵䦃䧿䮓䲵䶂劅勺卓嚼圴妁妰彴撯擆斀斫斮斱斲斵晫杓桌棹槕櫡汋淖
zeok4B|2,𤏲鐯著着䦃
geok4Ab|3,蹻踋腳脚匷屩屫
seok4Ab|3,𠸑鑠铄燿爍獡烁䀥䁻削勺杓
neok4B|2,逽蹃
leok4B|2,㑼㗉逽蹃稤略畧㧰㨼䂮䅫䌎䛚剠圙掠擽
keok4Ab|3,㑢㕁𨚫㷾㾡却卻噱
keok4B|2,㘌醵臄䐘䖼噱
dam3B|22,㗖𣶷餤饏髧霮賧赕萏蓞腅窞澹㲷䨢䨵䭛啖啗啿嘾噉嚪惔憺欿氮淡
dam1A|55,㚮㜬頕酖躭舑舚耼耽聃聸眈甔湛㴷䄡䑙儋妉媅担擔
dam3A|33,𠵆馾石癚帎担擔
dam2A|35,黵膽胆紞䃫担擔
cam2B|13,㔆劖
cam1A|55,㕘㜗𠻝驂骖㟥㠁㰫䟃傪参參叄叅嵾掺搀摻攙梫
cam2A|35,黪黲蚕蠶穇篸㦧㿊䅟䑎䤘噆嬠惨慘憯旵朁
cam1B|21,饞馋鑱镵酁谗讒蚕蝅螹蠶蠺艬磛獑瀺㨻㺥䂁䗝䗞䘉䜛䣟䤫䧯䳻劖嚵巉惭慙慚欃毚
cam3A|33,谶讖䱿儳忏懴懺杉檆
zam1A|55,𨯩鹐鵮鐕鐟閚詀譧簪簮糌篸㪠䉇䍼䐶䛸䦓䩇䶨兂
zam2A|35,黵眨㳫䁪䭕寁崭嶃嶄斩斬
zam3B|22,鏨錾蹔趈跕站㟛㣅㸥䪌偡暂暫
zam3A|33,覱蘸湛㴴㺘崭嶃嶄
gam3A|33,㔋𨰹𨯿鑑鑒鑬鉴鍳监監尲尴尷橄淦
gam1A|55,魐譼缄緘监監砛玪㮭䌠䛓䶠䶢凲尲尴尶尷椷
gam2A|35,减減
sam1A|55,㕘鬖钐釤衫襂芟縿穇犙㡎㭅㰑㺑䀐䅟三仨剼叁参參嘇幓弎彡掺摻攕毵毶毿
sam3A|33,㕘𡜻钐閐釤㣌㤾䫅三俕叁参參弎摲
sam2A|35,鏒籸糁糂糝
sam1B|21,䫮
tam1B|21,𦉡餤顃鐔锬镡郯醈醰錟谈谭覃談譚蟫蕁蕈藫荨罈罎痰燂湛潭澹㷋㻼㽎㽑䊤䜖倓坛墰墵壜婒惔憛昙曇橝
tam2B|13,黮贉禫淡
tam2A|35,醓菼磹嗿憳撢毯
tam1A|55,貪贪緂㳩㴂㵅䆱䏥探
tam3A|33,舕䐺䗊傝僋埮探撢
nam1B|21,㑲㓓𣏵𦮗𨩇𠲸𡎜遖諵蚦蚺蝻莮男畘煵㣮㭷㽖䔜䛁侽南喃囝囡娚抩暔枏柟楠
nam3A|33,𨂾揇
nam2B|13,萳腩罱湳㵜䈒䊖揇淰
nam2A|35,南
nam3B|22,婻
lam1B|21,㑣㑲㓓𩖞𣏵𦮗𨩇𠲸𡎜𡺤遖襤諵蚦蚺蝻褴葻蓝藍莮籃繿礷篮礛璼男畘煵燣燷灆㞩㣮㭷㲯㽖䆾䍀䔜䛁䰐侽儖南厱啉喃嚂囝囡娚婪岚嵐惏懢抩暔枏柟楠
lam3B|22,㜮轞舰艦缆纜爁滥漤濫灠㺌䌫嚂婻槛檻
lam3A|33,𨅏𨂾𨈇揇
lam2B|13,覧覽览萳腩罱爁爦湳滥漤濫灠㧛㨫㩜㰓㰖㵜䈒䊖揇揽擥攬杬榄欖淰
lam2A|35,蓝藍籃篮㧛㩜南岚嵐揽擥攬杬榄欖
ham3A|33,㒈㘎㘕㘚㜟鬫阚闞㦑喊
ham1B|21,㖤㗸㘅㛾鹹麙魽醎銜輱諴衔衘甉㮀㴠䕔䗣䘖䘶䲗函凾咸啣嗛圅堿崡嵅椷涵
ham2A|35,㘎㘚鹹鬫餡馅阚闞豃㦿㺖咸槏
ham2B|13,𡐖豏菡糮㺝壏槛檻
ham3B|22,餡馅陥陷錎臽㯺㽉䐄䧟䱤䶟
ham1A|55,䩂嵌
kam2B|13,槛檻
ngam1B|21,㘙麙麣礹碞癌㺂䖗䫡儑喦壧岩嵒嵓巌巖巗
ngam1A|55,啱
kwui2A|35,鱠鲙阓闠郐鄶賄贿襘薈膾荟绘缋聩聵脍糩絵繢繪禬瞆瞶狯獪溃潰澮㱮䈐䙌䙡䭝䯤会侩儈刽劊圚巜廥愦憒旝會桧檜殨浍
kwui3A|33,郐鄶绘聩聵繪侩儈
gui3B|22,癐攰
gui3A|33,䏗䐴椢槶
mui1B|21,㙁黴霉酶鋂腜苺莓脄脢禖珻煤玫㺳䊈䍙䔦䤂呅呚坆塺妹娒媒枚栂梅楳槑湈
mui2A|35,𠵈妹媒枚梅
mui3B|22,𦳀𤽜鬽魅韎跊蝐眛瑁痗㭑䵢佅妹抺昧沬湏
mui2B|13,黣𠗟燘䆀䜸凂挴毎每浼
mui1A|55,妹梅
kui2A|35,鱠鲙阓闠郐鄶賄贿襘薈膾荟绘缋聩聵脍糩絵繢繪禬瞆瞶狯獪溃潰澮㱮䈐䙌䙡䭝䯤会侩儈刽劊圚巜廥愦憒旝會桧檜殨浍
kui3A|33,郐鄶绘聩聵繪侩儈
fui3A|33,㑰𡟇𡟼顪颒餯靧頮诲詯誨㳷䛛䤧䩈喙悔晦
fui2A|35,㒑㚍鮪鲔賄贿痏㷄䏨䫥洧
fui1A|55,㒮𣁽魁隳顝鍷诙豗詼蝰虺睳灰烣㞀㨒㷇㾯䖶䝅䝇咴喹奎恢悝拻楏櫆洃
pui1A|55,㚰醅衃肧胚炋㶨㶪㾦坏坯柸
pui3A|33,𣳽𣅽𩃥𡶺𣑲𨦨𤦍馷霈配蓜茇茷胐珮琲㤄㫲㳈㻗䰽伂佩妃嶏斾旆昢沛淠
pui1B|21,𦹷𧜏阫陪锫錇輫賠赔裴裵蓓㟝㯁䣙䫊俳培徘棓毰
pui2B|13,蓓碚䔒倍棓
pui2A|35,俖
wui3B|22,㑹𢑥𣾀𠥔𣿬顡薈藱荟禬璯瘣燴滙烩㞧㱱㻅䕇䜋䢈䫭会匯嬇屶屷彙會汇
wui1A|55,㙗鰃鳂隈詴葨煨燰猥䋿偎愄揋椳渨
wui2A|35,㛱鍡碨㞇㱬会回會
wui1B|21,𤌚𡜼鮰迴逥蚘蛔蛕蜖茴硘痐烠䖜佪囘回囬廻廽徊恛洄
wui3A|33,䶐
wui2B|13,会會
bui3A|33,㔨㛝𨩈𧵔钡鄁鋇軰輩辈邶貝贝誖蛽褙背禙碚珼牬狈狽㸬㸽䋳䟺倍偝北垻悖揹昁梖浿
bui2B|13,𠀾
bui3B|22,誖苝背焙㧩㪍㹀䊃僻呗唄姵孛怫悖愂棓
bui2A|35,背㤳
bui1A|55,盃㮎杯桮
gwui3B|22,癐攰
gwui3A|33,䏗䐴椢槶
dat4B|2,𡐿𧞅鐽达逹達蟽薘荙繨燵㼀䃮哒噠垯墶
dat4Ab|3,𢴈靼鞑韃詚笪狧炟㟷㹺䵣呾哒嗒噠垯墶妲怛
cat4Ab|3,㔍㕞𩟔詧礸礤獭獺㺚䃰䕓䵵䶪刷刹剎唰嚓察擦攃檫欻歘
cat4Aa|5,䫄
zat4Ab|3,𥕝𠵍铡鍘軋轧蚻紥紮箚碛磧㞉㦫㭮㱜㳨剳劄哳扎拶札朰桚沯
zat4B|2,甴㳐
gat4Ab|3,钆釓軋轧玍呷嘎嘠噶尜恝戛戞拮擖
gat4B|2,曱
sat4Ab|3,隡鎩铩閷萨蔱蕯薩虄脎煞潵㬠㷺䊛䓭刷刹剎摋撒杀榝樧櫒殺
tat4Ab|3,㒓鰨鳎靸鞑韃闥闼躂达達遢趿跶羍澾㣵㳠㿹挞撻橽
tat4Aa|5,挞撻
mat4Ab|3,㑻鞨閁睰礣㨸䯦抹
mat4B|2,韈韤襪袜
nat4B|2,痆䖧捺
nat4Ab|3,焫
lat4B|2,鯻鬎辢辣迾邋蝲瓎痆瘌溂㻋㻝䀳䏀䓥䖧䱫䶛列剌拉捺揧
lat4Ab|3,鬎邋瘌焫喇
kat4Aa|5,卡咭
kat4Ab|3,擖
fat4Ab|3,㛲𧬋髪髮酦醱鍅蕟砝琺発發珐灋㳒䂲䰋佱发彂沷法
ngat4Ab|3,齃齾餲阏頞閼錷軋轧遏胺窫猒猰䝟䰲劜压厌厭嚈圠堨壓嫼恝押揠曷札柙歺
ngat4B|2,齕齧龁聐㩵䦪啮嚙囓屵扤擜
ngat4Aa|5,阏閼
pat4Ab|3,𥐙汃
pat4B|2,坺
wat4B|2,黠螖聉磆猾滑䎳䚴䱻䴳咶姡
wat4Ab|3,穵焥濣㱧䀑䁊䯉嗗婠挖斡
bat4B|2,魃茇坺墢
bat4Ab|3,釛釟玐㭭㺴䒑䤢丷仈八哵捌朳柭
gwat4Ab|3,鸹鴰颳趏䀨䏦傄刮劀括捖
jak4Ab|3,窫猰䝟吃吔喫
cak4Ab|3,𥰡𥑬頙賊贼蠈萗茦莿簎笧策筞筴箣皟烢㥽㨲㩍㩞㿭䁤䇲䊂䜺䶦冊册圠坼憡戝拆拺敇柵栅
cak4B|2,鰂鱡鲗賊贼䰹
cak4Aa|5,吒咤恻惻测測
zak4B|2,㒀鸅齚齰蹢躑适適谪踯襗謫讁蠌翟矠矺磔礋澤㟙㡯㣱㭙㭦䊞䕉䕪䞰䤩䮰乇厇宅択择掷摘擇擲擿歵沢泎泽
zak4Ab|3,㖽齚齰迮适適責賾责赜諎謮蚱蔶虴舴籷窄笮箦簀瞔矺磔㳻㺓䂝䇥䍉䯔咋唶啧嘖嫧帻幘柞
kwak4Aa|5,𡃈𡁸
kwak4Ab|3,𡃈
gak4Ab|3,㗆𠺝鬲骼隔革韚鎘镉觡諽蛒膈臵茖肐胳滆㦴䈷䎥䐙䛿䨣䪂嗝塥夹夾愅挌搹格槅
sak4Ab|3,𢱢鏼索䂹䞽䨛愬摵擌栜梀洓
mak4Ab|3,㓦孹掰擘
mak4B|2,麥麦
lak4Ab|3,𨊛嘞
lak4B|2,鰳鳓肋砳勒叻泐
lak4Aa|5,肋
hak4Ab|3,𪃭𦴦諕譹衉碦煂䚂吓咯唬喀嚇客
hak4Aa|5,黑赫爀焃㬨克刻剋吓嚇尅
hak4B|2,䞦垎楁
kak4Aa|5,缂緙
kak4Ab|3,缂緙䘔咯喀揢
ngak4B|2,𡅅额頟額逆詻磀㟯㣂䩹䱮峉
ngak4Aa|5,𧦠齷龌阨阸軛軶轭眲㧖偓厄呃呝喔幄戹扼握搤渥
ngak4Ab|3,鈪
pak4Ab|3,𢫦𤧥魄蘗舶粕砶珀䞟岶帕拍柏栢檗汃泊洦湐
pak4B|2,舶
pak4Aa|5,啪
wak4B|2,㓰㖪騞韄豁謋繣砉画畫畵湱㠛㦎㦯㩇䐸䦝䪝䬉䰥划剨劃婳嫿惑或捇掝搳
wak4Aa|5,㕷㗲𠵾咟
bak4Ab|3,㓦𤤿袹蘗舶糪絔百狛㼣伯佰挀敀柏檗
bak4B|2,𤇢鮊鲌踣菔蔔苩白㼟㿟䌟䞳䳆䵗僰匐卜垘帛
bak4Aa|5,迫廹
gwak4Ab|3,掴摑
jap4Ab|3,𡀞
dap4Ab|3,㙮㜓𥅽𤺥鎝褡荅耷笚答畗畣疸瘩溚㩉㯚㾑㿯㿴䌋䪚匒搭撘
dap4B|2,𤦊龖龘𠴲阘鞜鞳闒錔蹋蹹躢遝踏誻譶眔疉疊㬪䂿䈳䍇䎓䜚䠌䵬䶀叠嚃嚺崉曡榙沓
dap4Aa|5,䐛嗒
cap4Ab|3,㛼锸鍤遪臿疀㬁㮑䵽囃扱挿插揷
zap4B|2,㗱㙷𨰉鰼鳛飁騽隰集雑雜雥雦雧霫韴钑铡閘闸鈒鍘襍襲謵袭褶習箿磼牐漝㞏㠄㠎㦻㱷㿇䐲䒁䕹䥷䨿䪞䮜䮢习亼亽什嶍杂槢
zap4Ab|3,魳鉔襵譗褶箚眨砸㴙䀹䛽䞙偛剳劄匝咂唼啑喋帀摺札沞
gap4Ab|3,㕅𦕲𤥵鸽鴿鵊颊餄饸革鞈韐頬頰钾铗铪郏郟鉀鉿鋏跲蛤蛱蛺袷裌舺荚莢胛筴甲玾㰰㿓䀫䇲䕛䖬䩡合唊埉夹夾岬挟挾搿柙梜浃浹
sap4Ab|3,㒊㒎㗺㚫𢶍𠸝颯飒馺雭霅霎靸鎝钑鈒趿萐翜翣箑㩑㪪㰱㵤㽂䈉䙣䝊䬃䬊唼啑喢圾帹歃歰
sap4B|2,𤆣熠炠
tap4Ab|3,㛥鮙鰨鳎阘鞳鎉闒闟錔蹋躢遢誻褟荅禢溚溻漯濌㣛㧺㭼㯓㲩㲮䈋䌈䍝䑜䑽䓠䳴䶀䶁嗒嚃塌塔墖拓搨榻毾涾
tap4Aa|5,嗒
nap4B|2,㘝𠺶魶钠鈉軜訥讷衲蒳纳納笝㨥㵊䇱䈫䪏內内吶呐妠
lap4B|2,㕇㘝𠺶魶鱲鴗鑞钠镴鈉鉝軜邋訥讷蜡蝋蠟衲菈蒳腊臈臘纳翋納立笝砬磖爉㡴㧜㨥㵊㼃䂰䃳䇱䈫䗶䪏䶘內内吶呐垃妠岦拉搚擸柆
lap4Ab|3,𥅈䁽擸
hap4Ab|3,㗐颊陜陿頰狭狹䛅䶗呷嗑圶峡峽掐殎
hap4B|2,㘡魻陜陿翈綊祫筪箧篋盒硖硤狎狭狹㭱㽠䖎䖖䘥䶝侠俠匣匧峡峽挟挾柙
ngap4Ab|3,鸭鴨㳌㾎䆘圔庘押擪浥
gon3A|33,龫𠏉骭簳盰矸䯎倝干幹旰桿榦
gon1A|55,鳱阬酐迀虷芉肝竿矸癷玕漧㶥㿻䧲乹乾亁干忓攼杆桿檊
gon2A|35,赶趕衦簳秆稈笴筸皯䵟仠扞擀杆桿
hon1B|21,㒏鼾馯韓韩邗邯虷甝犴䗙䮧哻寒干幹榦汗
hon3A|33,𨫪𧗤𤳉衎看熯漢㵄㸁㸔䎯䕿傼厂厈暵汉
hon3B|22,𨌺𨯪鳱鶾馯駻雗閈闬釬銲豻螒蔊翰睅犴猂瀚焊㢨㪋㲦䏷䮧垾屽悍扞捍撖旰汗涆
hon1A|55,顸頇看刊咹嫨栞
hon2A|35,蔊罕䍐䍑䓍䳚侃偘刊扞捍栞浫
hon2B|13,睅皔猂䛞悍扞捍旱
kon3A|33,骯肮
ngon1A|55,𩣑𤥃𤇼鮟鞌鞍铵銨胺盎㫨㼜䀂䢿䯃侒安峖桉氨
ngon2A|35,铵銨案
ngon3B|22,錌豻貋犴㟁㷳䮗厂堓婩岸
ngon3A|33,荌胺䅁按摁案桉洝
ngon1B|21,㸩
deak4Ab|3,趯
deak4B|2,籴糴笛篴䨀
ceak4Ab|3,𦬨赤硳灻烾䤲伬叺呎尺
zeak4Ab|3,鹡鶺隻蹐蹠跖膌脊瘠瘷癠熫炙㾊䏑䑾䞠只坧墌嵴摭擿
zeak4B|2,蓆席
zeak4Aa|5,唧啫喞
seak4Ab|3,㒪𡃶锡錫惜
seak4B|2,𠰴鼫鮖鉐祏石硕碩炻㸴䂖䄷䖨䲽乭
teak4Ab|3,𨆉踢
leak4B|2,疬癧瀝坜壢沥
leak4Aa|5,叻
heak4Ab|3,吃喫噄
keak4B|2,㞃乪剧劇屐
peak4Ab|3,劈
peak4B|2,劈擗
peak4Aa|5,噼
beak4Ab|3,壁
jyun2B|13,㓴㜛𨘻𨍥阮鞙铉闧鉉軟輭软远逺遠贙薳腝耎緛盶碝礝琄瑌瓀㮕㻆㼱䎡䓕䓴䕂䞂䧎䩙䩰偄媆愞泫
jyun2A|35,𤾂𣸱𤳙𦶤𡟃𦹅阮院願鋺远遠踠蜿衏菀苑茒綩縣睕琬畹烷㻨㽜䅈䑱䘼䛷䩊䩩䪭䳃丸倇县员員园圆園圓夗妴婉宛帵惋愿晼朊涴
jyun1B|21,𨯬𡝴𡊨𠒑𡚺鸢黿鼋𨪛𨭦𧨎魭鳶鶰騵陨隕鎱铅酛釻鈆鈨鉛轅辕邍邧豲貟贠謜蚖蝝蝯螈衒袁蒝薗芄芫荁缘羱紈絃綄緣縁縣纨笂笎盷眩琓痃熉爰猨猿獂玄玆玹湲源溒炫烷㝨㝴㞍㟲㟶㥳㨬㫟㳂㷧㹉㹡㽭㿪䍏䒯䖠䖾䙇䝠䦾䬧䮄䯈䱲䲮䲶䲻䳒䴨丸元円刓原厡厵县员員园圆圎園圓圜堧塬壖媛媴嫄完寏岏弦悬懸抏捖援撋昖杬楥榞榬橼櫞汍沅沿洹
jyun3B|22,𣆂𤋉𢥧院願远遠衏衒袨褑褤缘緣縣禐県眩眴瑗牪炫㭇䀏䍗䝮䬇䯘傆原县垸媛怰愿掾援昡
jyun1A|55,鸢鸳鹓鼘鼝鳶鴛鵷駌蜎蜵蜿裷葾蒬肙箢眢灁㠾㴊㶜㾓䄗䏍䖤䗕䡝䥉䨊䳒䳣冤剈囦宛寃悁惌棩淵渁渆渊渕
jyun3A|33,裫㤪㥐䛄䬼噮夗怨惌
dyun3B|22,𦀩𩹨葮缎簖籪緞縀煅㫁㱭塅断斷椴段毈
dyun3A|33,锻鍛腶碫瑖煅断斷
dyun1A|55,鍴褍耑端㟨偳媏
dyun2A|35,缎緞短
cyun1B|21,㒰𧊲𣗎𠓾𢙨鰁鳈铨闎醛銓蹲輇輲辁遄诠跧踆詮葲荃縓穳筌篅硂琻瑔畓痊牷湶㟫㠝㯌㻇䀬伝传佺侟傳全圌墫壿姾存巑恮拴拵攅攒攢暷椽楾櫕欑歂泉洤
cyun3A|33,𡭄鶨钏釧賗縓窜竄熶爨玔㸑䍎䤸串吋寸屗撺攛殩汌
cyun1A|55,駩騡鐉鑹钏镩釧鋑蹿躥邨踆絟穿瑏猭玔澊䆤䆥剶峑巛川村氚汆
cyun2A|35,踳踹舛荈窜竄烇䞼串僢全刌喘堾寸忖揣撺攛曻歂湍
zyun1A|55,𧒆𥖁鱄鱒鳟颛顓鎸鐫鑚鑽钻镌鄟躜躦遵諯蟤膞耑篿砖磗磚瑼甎㼷䏝䘒䡽䧠专叀塼嫥専專尊抟摶朘湍
zyun2A|35,𥴠鑽钻転轉转譐缵籫繤纂纉纘竱篹䂎䌣䔿䡱传傳僔儹啭噂囀孨撙攒攢
zyun3A|33,鱒鳟鐏鑚鑽钻轉转㸇捘
zyun3B|22,銌襈灷䧘传傳堟
gyun2A|35,𤦔锩錈詃菤㢧䱧卷呟埍巻捲汱
gyun3A|33,𡡀飬餋鄄讂绢罥羂絭絹縳眷睊睠狷獧㢾㪻㯞䄅䌸䖭䚈䡓䣺券劵卷埢婘帣悁惓慻桊棬
gyun1A|55,鹃鵑鞙身蠲裐瓹狷獧焆㳙䅌䚊䳌勬姢娟悁捐涓
gyun3B|22,蔨䙮倦勌圈奆淃
syun1B|21,㔯㘣𤪓𤩷𤪻𦩂𤩅𤫀鹮颴鏇镟輲还還蜁舡舩船篅碹琁璇璿漩㫌㳬䁢䁣䃠䗠䥧䲂䴉嫙旋暶檈
syun2A|35,㔵饌馔选選船䁚䠣损損晅暅
syun1A|55,𧪾𪊴𤚗𠊿鰚飡飧飱酸鍹蓀蕵薞荪縇瑄痠狲狻猻㩊䕖䘒䙋䝜䳦塇孙孫宣悛愃揎搎朘槂渲
syun2B|13,隽雋吮
syun3B|22,鏇镟蒃蔙腞腨縼篆瑑㯀旋
syun3A|33,选選萛蒜繏祘笇筭算䍻匴渲
tyun1B|21,𡱰鷻𤤀魨鱄鲀鷒霕鏄軘迍豘豚臀臋芚糰篿瓲漙㩔㩛㪟㬾㹠㼊䊜䳪剬剸团団囤團坉屯忳慱抟摶敦槫檲
tyun1A|55,煓
tyun2A|35,䜝团團
tyun2B|13,断斷
nyun2B|13,黁餪煖煗㬉暖渜
nyun3B|22,㯎㶧嫩嫰
nyun1B|21,奻
nyun2A|35,暖
lyun2A|35,㘘㜃臠联聯脔脟㜻乱亂娈孌恋戀暖
lyun1B|21,𡤻𤓖鸞鸾鵉鑾銮虊臠羉联聨聫聮聯脔癴癵滦灓灤㝈㡩㱍䏈䖂䜌圝圞奱奻孪孿峦巒挛攣曫栾欒
lyun2B|13,黁餪臠脔纞煖煗㬉娈孌恋戀暖渜
lyun3B|22,釠㯎㶧乱亂嫩嫰
lyun1A|55,挛攣
hyun1A|55,㒽㓩𣜯𤦉𧝁駽鋗谖貆諠諼譞蝖蠉萱萲蕿藼蘐翧翾禤箞箮睻煊煖烜㝁㦥㻹䁔䌯䚙䚭䠝儇吅咺喧圈圏坃埙塤壎壦媗嬛弮弲愋懁昍晅暄暅梋棬椦渲
hyun2A|35,𡿨虇甽畎犬烜㧋䅚䊎䘆咺
hyun3A|33,𦻖韏绚绻絢絭綣眴矎牶㧦䄐券劝劵勧勸夐奍敻楥楦
kyun1B|21,齤顴颧鬈踡觠蜷蠸犈㩲䑏䟒䠰卷啳婘孉巏惓拳搼权権權
kyun2A|35,拳
dut4Aa|5,柮
kwut4Ab|3,鸹鬠鴰髺頢锪鍃适豁蛞萿葀聒筈眓濊䟯䯏䯺佸奯懖括栝桰泧
gut4B|2,嗗
gut4Ab|3,活
mut4B|2,𤣻魩靺韎袜茉莈秣眜砞皌㶬䏞䬴䱅䴲唜圽妺昩末枺歾歿殁沒没沫
mut4Ab|3,秣瀎䬴抹
kut4Ab|3,鸹鬠鴰髺頢锪鍃适豁蛞萿葀聒筈眓濊䟯䯏䯺佸奯懖括栝桰泧
fut4Ab|3,阔闊蛞濶䦚䦢
put4Ab|3,㔇㗶㛘鏺酦醗醱溌潑㧊䣪䣮䥽䪬泼
put4B|2,昢
wut4B|2,㓉秮秳䄆䄑䣶仴佸捾枂活
but4B|2,㔜𩓐鹁鱍鵓餑饽馞钹郣鈸鋍蹳襏誖袯葧艴茀荸缽脖癶犻㟑㪍㴾㶿䭯䮀䮂侼勃哱孛悖拨挬撥桲浡渤
but4Aa|5,𠼭砵
but4Ab|3,鮁鱍鲅驋钵酦醱鉢襏袯缽盋砵潑㞈䍨䢌哱泼
gwut4B|2,嗗
gwut4Ab|3,活
jea3B|22,㖡㖱鵺䠶亱偌卄夜射廿念
jea2B|13,㖿㘃㙒野若漜冶吔喏嘢埜壄惹
jea1B|21,铘釾鋣鋷鎁邪耶琊瑘爷爺玡㭨䓉䥺倻峫捓揶擨斜椰
jea2A|35,野爷爺夜椰
jea1A|55,爷爺
dea2A|35,襶嗲
dea1A|55,爹
dea1B|21,嗲
cea1B|21,㙦㚗𦳃輋邪衺䔑厁斜
cea1A|55,㛗𤉖𡌄車车蛼莗砗硨伡俥唓奓奢檨
cea2A|35,𠳏灺炧㨋㵔䞣䰩且偖哆奲尺扯撦斜
cea3A|33,趄笡㾝斜
cea2B|13,灺炧
zea3B|22,㓔谢謝藉耤㴬䣠䤳䵦塮榭
zea2A|35,㗯飷锗鍺这這赭褚者䎞乽借堵姉姊姐媎毑
zea1A|55,㜘阇闍遮謯罝㸙䦈啫嗟嗻姐嫅嫬
zea3A|33,𣞢鹧鷓这這蟅蔗藉耤䂞䗪䩾䵭借唶徣柘樜
zea2B|13,这這
zea1B|21,姐
gea2A|35,𠸏嘅
gea3A|33,嘅
sea2A|35,㕐蛇藛舍瀉㝍䥱䥾䬷写冩寫捨泻
sea3B|22,麝䠶射
sea3A|33,騇赦舍舎缷猞瀉灺炧炨㵼䉣䣃卸厍厙泻涻
sea1B|21,阇铊闍釶鉇鉈鍦輋蛇虵畲㵃佘
sea1A|55,賒賖赊畬畲㱔㾚些奓奢
sea2B|13,舍社䀅䄕捨
mea1A|55,𧴯𦍋𡥼𠤖蝆芈羋乜咩哶孭
mea2B|13,芈乜
mea2A|35,芈竵歪
mea3B|22,乜
nea3B|22,乜
nea1A|55,吶呐呢
lea1B|21,𠻗
lea2B|13,褦䟩
lea3B|22,乜
lea1A|55,吶呐呢咧哩
lea2A|35,咧
lea3A|33,咧
hea2A|35,𠺬
hea3A|33,𠾍𠺪㹃
kea1B|21,𡶐騎骑茄翗瘸癿伽
kea1A|55,𡲢茄
kea2A|35,𨔽茄㧝拁
fea3A|33,㹃
fea1A|55,啡
ngea3B|22,㖡诶誒
ngea1B|21,𡃀
pea1A|55,𠵿啤
pea2B|13,𠵿䠋
wea2B|13,𠾭𠱥
wea2A|35,搲
bea3B|22,呗唄嚊
bea1A|55,啤
gwea1A|55,𠺌
got4Ab|3,㖵騔輵轕葛獦㵧䈓割噶嶱
hot4Ab|3,㓭𦤦鹖鶡餲鞨蝎褐猲㬞㵣㷎㿣䳚喝害嵑愒暍曷朅欱毼渇渴
hot4B|2,螛㮫㹇䕣䫘
ngot4B|2,㖖䯵
jyut4Ab|3,㜧黦鳦钇釔焫爇䆕䆢䜳乙乚妜
jyut4B|2,𧑐𡛟𨬓𧞄鳦阅钇钥钺閱閲釔鈅鉞銉軏说越跀說説蚎蚏袕茓茟聿籆籰粤粵穴篗焫爇玥澚㳉䄴䈅䋉䋐䋖䟠䡇䢁䢖䤦䮅乙刖哕噊噦坹岄岤恱悅悦戉抈曰月樾
dyut4Ab|3,㔢罬繓炪䂐䟾䪼䫎掇敠
dyut4Aa|5,𡁯腯咄
dyut4B|2,鮵痥㣞夺奪敓敚
cyut4Aa|5,𠾼
cyut4B|2,𠾼
cyut4Ab|3,𢸶酫踅茁猝倅卒咄捽撮
zyut4B|2,㔃黜輟辍蕝绌绝缀絀絕絶綴箤㯜㿱䚝䱑乴崒崪拙捽撧枠椊
zyut4Ab|3,黜鵽餟醊錣輟辍逫諁蠿裰蕝腏茁绌缀絀綴窋畷㱀䮕剟叕咄啜嘬嚽惙拙掇撧敠敪梲棁棳欼歠毲涰
zyut4Aa|5,啜
gyut4B|2,䙠䞷橛橜
gyut4Ab|3,劂
syut4Aa|5,𠽌
syut4Ab|3,𡠭鱈鳕雪轌说說説膤艝䨮哾樰
tyut4Ab|3,莌脫脱侻挩捝梲棁
lyut4Ab|3,韷頱锊酹鋝鋢脟㭞㽟䤣劣哷埒埓寽挘捋攞
lyut4B|2,酹蛶㭩㸹䟹劣浖
hyut4Ab|3,趐血瞲狘烕㞽䆝䆷䎀䒸䛎䦑䫼䬂䬄决吷桖決泬
kyut4Ab|3,㙭𠄌鱖鳜鴂鴃鷢駃阕阙鐍鐝钁镢闋闕鈌蹶蹷谲赽趹觖觼訣譎诀蚗蟨蟩蒛蕨芵缺砄琷璚疦瘚獗玦潏灍炔烕㭈㵐㹟䀗䍳䏐䝌䞵䦆䦬䦼䳏亅决刔劂厥噘夬孒孓憠憰抉挗撅橛橜欮殌氒決泬
kyut4B|2,橛橜
jang3A|33,𨅝
cang1A|55,𦉘饓鐺铛趟罉瞠爭牚䟓䟫争伥倀憆撐撑棦橕
cang3A|33,𥋇锃鋥撐
cang1B|21,鏳䁎䆑䆵䚘伥倀挰掁揨撜朾枨棖橙檙
cang2A|35,橙
zang1A|55,𠲜𧶄鬇铮錚诤踭諍筝箏睁睜琤爭狰猙㬹䦛䦶丁争峥崝崢嶒挣掙
zang3A|33,诤諍爭䦛䦶争
zang3B|22,䂻挣掙
kwang3A|33,迋逛
kwang1A|55,筐眶䆲框
gang3A|33,𨁈迳逕筻径徑挭浭
gang1A|55,耕畊䎴更
sang2A|35,㗂省眚㨘㮐㼳㾪䁞䚇偗渻
sang1A|55,胜笙生甥牲
mang3B|22,𠗠䓝孟
mang2B|13,黽黾锰錳蜢艋猛䁅勐
mang1A|55,鯭绷綳繃盲
mang1B|21,鄳萌莔盲盳甿䇇氓
mang2A|35,蜢盲孟
lang1A|55,䆡冷唥
lang2B|13,冷
lang3B|22,唥
lang1B|21,唥
hang1A|55,阬䂫劥坈坑夯妔
hang1B|21,行桁
hang2A|35,行桁
ngang3B|22,鞕硬䤝
ngang1A|55,罂罃罌甇甖䓨
ngang2A|35,硬
pang1A|55,㔙㛁𨭌𢴒閍軯磞漰澎烹㤣㧸䍬䥋亨亯匉嘭恲抨梈泙洴
pang1B|21,鹏鵬騯錋輣蟚蟛膨稝硼澎䄘䰃嘭弸彭憉搒棚椖榜
pang2B|13,稖㭋棒棓
pang2A|35,棚
wang1B|21,鐄鑅衡瑝㶇䄓䬖䬝彋横橫
wang1A|55,軭橫
wang3B|22,桄横橫
bang3B|22,𠾴唪
bang1B|21,𠾴嘭
bang1A|55,𨭌
gwang3B|22,逛俇
gwang2A|35,梗
dek4B|2,𣏾鴏螣蟘特犆㯖棏
dek4Aa|5,锝鍀㝵㝶㤫㥁䙷䙸嘚得徳德恴悳惪淂
cek4Aa|5,畟䔴厕厠墄廁恻惻测測
zek4Aa|5,鯽鰂鲗鲫萴荝㳁仄侧側则則夨崱庂昃昗汄
gek4Aa|5,呄
sek4Aa|5,㥶㩙噻塞揌
mek4B|2,𦢓𤼎𪄳𠍅麥麦默黙驀陌霡霢銆貃貈貉貊貘覛蛨衇蓦脈脉絈纆眽眿癦爅濹㷵㹮䁼䁿䘃䘑䨫䮮䳮万伯佰冐冒嘿嚜墨帕帞
mek4Aa|5,唛嘜嚜
nek4Aa|5,𪙛
nek4B|2,䅞䎪䭆
lek4B|2,㔹𤨕鰳鳓阞艻肋簕竻玏䅞䎪䭆仂勒叻屴忇扐朸氻泐
lek4Aa|5,𪙛
hek4Aa|5,𨭆𤥣𤙥𢭪𠳭黑黒鋴赫礊潶㩏㱄㳳䙐克刻剋勀勊可娔尅氪
kek4Aa|5,𠸉揢
ngek4Aa|5,𠿟齷龌鬲餩阨阸豟蚅腛苊箹眲砨㧖䌂䝈䠎䮸偓厄呃呝哑啞喔媉幄戹扼握搤搹楃渥
bek4Aa|5,鉳北
jeang1B|21,贏赢
deang2A|35,顶頂定
deang1A|55,钉釘盯疔叮
deang3B|22,訂订矴地埊埞墬定
deang3A|33,掟
ceang1A|55,靑青
ceang2A|35,请請
ceang1B|21,夝晴
zeang2A|35,阱肼穽丼井汫
zeang3B|22,阱郑鄭穽㽀净凈浄淨
zeang1A|55,精
zeang3A|33,正
geang3B|22,𢠃擏
geang2A|35,颈頚頸鏡镜
geang1A|55,驚猄惊
geang3A|33,鏡镜
seang2A|35,醒城
seang3A|33,鍟姓
seang1A|55,腥聲声
seang1B|21,城成
teang1A|55,㕔聼聽厅厛听廰廳
teang2B|13,艇
meang2A|35,名命
meang1B|21,名
meang3B|22,命
leang1A|55,𡃁靓靚僆
leang1B|21,鯪鲮零霛靈灵
leang2B|13,领領岭嶺
leang2A|35,领領
leang3A|33,靓靚
heang1A|55,輕轻
heang3B|22,輕轻
peang1A|55,𩩍𣖕凭憑
peang1B|21,平
beang2A|35,餅餠饼鉼
beang3B|22,病
beang3A|33,柄棅
zeap4B|2,㗱
geap4Aa|5,喼
geap4B|2,夹夾
keap4Aa|5,喼
deo3A|33,𧊶
deo1B|21,𡇙𣳼
deo3B|22,𡃏
deo2A|35,哚朵朶
zeo1A|55,啫
geo1B|21,𢤹
geo3A|33,锯鋸
geo1A|55,啹
seo1B|21,𠿬𡄽
teo3A|33,唾
teo2B|13,唾
leo1A|55,𦧲𠼱
leo2A|35,𦧲𠼱𢶤
heo1A|55,㗾靴鞾吙
heo1B|21,㗾噱
keo1B|21,跔
keo1A|55,啹
peat4Aa|5,噼
peat4B|2,噼
weat4Aa|5,𠿭
deau3B|22,调調掉
leau1A|55,𠺫
keau1B|21,𠵇
zeot4B|2,𠻘
leam2A|35,舐
hm3B|22,哼啈
hm1A|55,噷
ngm2A|35,呣
ngm3B|22,呣
ngm1B|21,唔
hng3B|22,哼啈
gum2A|35,噉